title,directors,adaptors,starring,genre,country,release_date,runtime,rate
双面情人 L'amant double,弗朗索瓦·欧容,乔伊思·卡罗尔·奥特兹/弗朗索瓦·欧容/菲利普·皮亚佐,玛丽恩·瓦科特/热雷米·勒尼埃/杰奎琳·比塞特/米丽娅姆·博耶/多米尼克·雷蒙/安托万·德·拉·莫利内利/让-保尔·米埃尔/贝诺提·吉欧斯,剧情/爱情/惊悚, 法国 / 比利时,2017-05-26(戛纳电影节/法国),107分钟,6.9
有完没完,王啸坤,杨曼珠,范伟/贾静雯/刘俊昊/隋凯/宋阳/范湉湉/林更新/薛之谦/赵英俊/孔连顺/刘长生/于笑/李俊豪/柴蔚/张美娥/徐小溢/陈维涵/史耀中/肥龙/马洪磊/宋祖儿,剧情/喜剧, 中国大陆,2017-04-01(中国大陆),99分钟,5.4
李雷和韩梅梅,杨永春,肖李任颐/杨永春/陈林/骆平,张子枫/张逸杰/成梓宁/李砚/常铖/王旭东/张诚航/苗皓钧/花希/马泽涵/应亦涵/朱子岩/李扬/郝平/王菁华/塞拉斯·列维·纽豪斯,剧情/喜剧/爱情, 中国大陆,2017-06-09(中国大陆),90分钟,3.4
美丽心境界 Imagine,安杰伊·亚基莫夫斯基,安杰伊·亚基莫夫斯基,亚历山德拉·玛丽亚·拉腊/爱德华·霍格/David Atrakchi,剧情, 波兰 / 葡萄牙 / 法国 / 英国,2012-10-13,105分钟,8.3
鲁邦三世：次元大介的墓碑 LUPIN THE IIIRD 次元大介の墓標,小池健,高橋悠也,栗田贯一/小林清志/泽城美雪/山寺宏一/广濑彰勇,动作/动画/犯罪, 日本,2014-06-21(日本),51分钟,8.6
西葫芦的生活 Ma vie de courgette,克洛德·巴拉斯,吉勒斯·帕瑞斯/瑟琳·席安玛/杰马诺·祖罗/克洛德·巴拉斯/莫根·纳瓦罗,加斯帕德·施拉特/西斯汀·穆拉特/波林·雅库/米歇尔·维耶尔莫/劳尔·里贝拉/埃斯特尔·亨纳德/埃利奥特·桑切斯/卢·威克/布丽奇特·罗塞特/娜塔莎·科奇库莫夫/莫妮卡·布德/阿德里安·巴拉佐尼/维诺妮可·蒙特尔/罗马妮·科瑞特尼/伊芙琳·布维尔/伦纳德·杰纳/安妮-劳雷·布雷西/让-克劳德·伊森曼/伊安尼斯·雅库/埃里克·阿巴特/威尔·福特/尼克·奥弗曼/艾伦·佩吉/玢·罗宾斯/艾米·塞德丽丝/克拉拉·杨,喜剧/动画/儿童, 瑞士 / 法国,2016-05-15(戛纳电影节)/2016-09-22(瑞士)/2016-10-19(法国),66分钟,8.3
伦敦一家人 Ethel & Ernest,罗杰·梅因伍德,罗杰·梅因伍德/雷蒙德·布里格斯,卢克·崔德威/吉姆·布劳德本特/帕姆·费里斯/布兰达·布莱斯/罗杰·阿拉姆/彼得·怀特/弗吉尼亚·麦肯娜/茱恩·布朗/西蒙·戴/亚历克斯·乔丹,剧情/动画/家庭, 英国,2016-10-15(伦敦电影节)/2016-10-28(英国),94分钟,8.7
超凡战队 Power Rangers,迪恩·以色列特,扎克·施坦茨/罗伯托·奥奇/伯克·沙普利斯/马特·萨兹马/阿什利·米勒/约翰·盖汀斯/马克斯·兰迪斯  /哈伊姆·萨班/舒基·莱维,戴克·蒙哥马利/娜奥米·斯科特/RJ·赛勒/林路迪/贝姬·戈麦斯/伊丽莎白·班克斯/布莱恩·科兰斯顿/比尔·哈德尔/马特·夏夫利/科迪·基尔斯利/大卫·丹曼/罗伯特·莫隆尼/安贾莉·杰/莎拉·格雷/摩根·泰勒·坎贝尔,动作/科幻/冒险, 美国 / 香港 / 加拿大,2017-05-12(中国大陆)/2017-03-24(美国),124分钟,4.6
亚瑟王：斗兽争霸 King Arthur: Legend of the Sword,盖·里奇,卓比·哈罗德/盖·里奇/莱昂内尔·威格拉姆/大卫·道金,查理·汉纳姆/裘德·洛/阿斯特丽德·伯格斯-弗瑞斯贝/米卡埃尔·佩斯布兰特/杰曼·翰苏/安娜贝拉·沃丽丝/艾瑞克·巴纳/艾丹·吉伦/尼尔·马斯克尔/赫敏·科菲尔德/凯蒂·麦克格雷斯/杰奎·安斯蕾/弗莱迪·福克斯/波比·迪瓦伊/朱利安·西格尔/大卫·贝克汉姆/杰夫·贝尔/米莉·布拉迪/乔治娜·坎贝尔/丹尼尔·斯蒂森/伊琳·珀威尔/迈克尔·麦克埃尔哈顿/阿德里安·布薛特/彼得·费迪南多/汤姆·吴/金斯利·本-阿德/盖·里奇,动作/奇幻/冒险, 美国,2017-05-12(中国大陆/美国),126分钟,7.2
烈日灼心,曹保平,曹保平/焦华静,邓超/段奕宏/郭涛/王珞丹/吕颂贤/高虎/白柳汐/杜志国,剧情/悬疑/犯罪, 中国大陆,2015-08-27(中国大陆)/2015-06-15(上海电影节),139分钟,7.9
老手 베테랑,柳昇完,柳昇完,黄晸玟/刘亚仁/柳海真/吴达洙/郑满植/郑雄仁/张允珠/金时厚/陈庆/刘仁英/朴素丹,剧情/动作, 韩国,2015-08-05(韩国),124分钟,7.5
欺诈圣手 The Wizard of Lies,巴瑞·莱文森,黛安娜·亨利奎斯/萨姆·李文森/塞缪尔·鲍姆/约翰·伯纳姆·施瓦茨,罗伯特·德尼罗/米歇尔·菲佛/汉克·阿扎利亚/克里斯汀·康奈利/亚历桑德罗·尼沃拉/莉莉·拉贝/内森·达罗/凯瑟琳·纳杜奇/凯利·奥科/迈克尔·A.戈尔杰/克莱姆·张/迈克尔·卡斯洛夫/波特兰·赫尔米奇/阿曼达·沃伦/杰弗里·坎特尔/马尔塔·米兰斯/马科·查卡/索菲·冯·海索博格/斯蒂芬·考特尔,剧情/传记/历史/犯罪, 美国,2017-05-20(美国),133分钟,6.5
我们 Sobre Nós,Mauro Carvalho,Thiago Cazado,Thiago Cazado/Mauro Carvalho/Rodrigo Bittes/Leandro Menezes/Carmem Moretzsohn/Andreessa Lee,剧情/爱情/同性, 巴西,,73分钟,7.1
恶女 악녀,郑秉吉,郑秉吉/郑秉希,金玉彬/申河均/盛骏/金瑞亨/曹恩智/朴哲民/郑海钧,剧情/动作, 韩国,2017-05-21(戛纳电影节)/2017-06-08(韩国),123分钟,6.1
真实 리얼,李沙朗,李正燮,金秀贤/成东日/韩智恩/李圣旻/崔雪莉/赵宇镇/崔权/郑仁谦/金弘波/李璟荣/丁瑞奇,剧情/动作, 韩国,2017-06-28(韩国),137分钟,5.0
精灵王座,宋岳峰,卓然,王梓/陶典/季冠霖/黄莺,动画, 中国大陆,2016-08-19(中国大陆),104分钟,7.5
珈百璃的堕落 ガヴリールドロップアウト,太田雅彦,青岛崇,富田美优/大西沙织/大空直美/花泽香菜/水濑祈,喜剧/动画, 日本,2017-01-09(日本),24分钟,7.6
大卫贝肯之倒霉特工熊,李清舫,,汤水雨/徐佳琦/杨默,喜剧/动画/家庭/冒险, 中国大陆,2017-01-13(中国大陆),90分钟,4.4
黑暗正义联盟 Justice League Dark,杰伊·欧力瓦,J·M·德马泰/厄尼·阿特巴克/杰里·西格尔/乔·舒斯特/鲍勃·凯恩/比尔·芬格/威廉·马斯顿/史提夫·比塞特/阿诺德·德雷克/杰克·科比/莱恩·韦恩/伯尼·莱特森/伽德纳·福克斯/尼尔·亚当斯/卡迈恩·因凡蒂诺/艾伦·摩尔/马文·沃夫曼/丹尼·奥尼尔/谢尔顿·梅尔,马特·瑞安/卡米拉·卢丁顿/杰森·奥玛拉/雷·蔡斯/恩里克·克兰东尼/罗杰·R.克劳斯/杰瑞米·戴维斯/罗莎里奥·道森/布莱恩·T·德莱尼/阿尔弗雷德·莫里纳/杰瑞·奥康奈尔/科琳·欧肖内希/杰弗里·文森特·帕里塞/劳拉·波斯特/弗莱德·塔他斯西奥/迪·布拉雷·贝克尔/JB·布兰科,动作/科幻/动画/惊悚/奇幻, 美国,2017-01-24/2017-02-07(美国),75分钟,7.3
熊出没·奇幻空间,林永长/林汇达/丁亮,崔铁志/万秦/徐芸,尚雯婕/鲍春来/孙建弘/曾舜晞,动画/儿童, 中国大陆,2017-01-28(中国大陆),89分钟,6.4
萤火奇兵,邓伟锋,邓伟锋,山新/姚雷/郭盛/李姗姗/张圣/邓伟锋/宋明/陈喆,喜剧/动画/奇幻/冒险, 中国大陆,2017-02-05(中国大陆),85分钟,5.0
哆啦A梦：大雄的南极冰冰凉大冒险 ドラえもん のび太の南極カチコチ大冒険,高桥敦史,高桥敦史/藤子·F·不二雄,水田山葵/大原惠美/嘉数由美/木村昴/关智一/藤本千秋/钉宫理惠/金井美香/三石琴乃,动画/冒险, 日本,2017-05-30(中国大陆)/2017-03-04(日本),101分钟,6.6
宝贝老板 The Boss Baby,汤姆·麦格拉思,迈克尔·麦库勒斯/玛拉·弗雷齐,亚历克·鲍德温/迈尔斯·克里斯托弗·巴克什/吉米·坎摩尔/丽莎·库卓/史蒂夫·布西密/托比·马奎尔/詹姆斯·麦格拉思/康拉德·弗农/薇薇安·叶/小埃里克·贝尔/大卫·索伦/伊迪·米尔曼/詹姆斯·雷恩/沃尔特·道恩/朱尔斯·温特,喜剧/动画, 美国,2017-03-12(迈阿密电影节)/2017-03-31(美国),97分钟,7.3
少年泰坦：犹大契约 Teen Titans: The Judas Contract,刘山姆,厄尼·阿特巴克,斯图尔特·艾伦/杰克·T·奥斯汀/泰莎·法米加/肖恩·马希尔/克里斯蒂娜·里奇/布兰登·司徒/凯瑞·华格伦/米盖尔·弗尔/格雷格·亨利/玛丽亚·卡纳尔斯-巴雷拉/梅格·福斯特/克里斯平·弗里曼/大卫·卡耶/凯文·史密斯,动作/动画, 美国,2017-03-31(阿纳海姆-WonderCon)/2017-04-04/2017-04-18,84分钟,6.6
名侦探柯南：唐红的恋歌 名探偵コナン から紅の恋歌,静野孔文,大仓崇裕/青山刚昌,高山南/山崎和佳奈/小山力也/堀川亮/宫村优子/绪方贤一/岩居由希子/高木渉/大谷育江/林原惠美/宫川大辅/吉冈里帆/雪野五月,动画/悬疑, 日本,2017-04-15(日本),112分钟,6.7
BLAME!,濑下宽之,贰瓶勉/村井贞之,樱井孝宏/花泽香菜/雨宫天/山路和弘/宫野真守/洲崎绫/岛崎信长/梶裕贵/丰崎爱生/早见沙织,科幻/动画, 日本,2017-05-20(日本),106分钟,7.6
魔弦传说 Kubo and the Two Strings,特拉维斯·奈特,马克·海姆斯/克里斯·巴特勒,查理兹·塞隆/马修·麦康纳/拉尔夫·费因斯/阿特·帕金森/鲁妮·玛拉/武井乔治/田川洋行/野路美苗/布伦达·瓦卡罗/肯·竹本,动画/奇幻/冒险, 美国,2017-01-13(中国大陆)/2016-08-19(美国),102分钟,7.4
麦兜·饭宝奇兵,谢立文,谢立文,金刚/大汪/张正中/彭博/孙小妞,喜剧/动画/冒险, 中国大陆 / 香港,2016-09-15(中国大陆),90分钟,6.2
声之形 聲の形,山田尚子,吉田玲子/大今良时,入野自由/早见沙织/松冈茉优/悠木碧/小野贤章/金子有希/石川由依/潘惠美/丰永利行,剧情/爱情/动画, 日本,2017-09-08(中国大陆)/2016-09-17(日本),129分钟,7.3
逗鸟外传：萌宝满天飞 Storks,尼古拉斯·斯托勒/道格·斯威特兰德,尼古拉斯·斯托勒,安迪·萨姆伯格/凯蒂·克朗/凯尔希·格兰莫/詹妮弗·安妮斯顿/泰·布利尔/安东·斯塔克曼/科甘-迈克尔·凯/乔丹·皮尔/丹尼·特雷霍/史蒂芬·克雷默·格利克曼/克里斯托弗·尼古拉斯·史密斯/奥卡菲娜/伊克·巴里霍尔兹/乔玛·塔科内/阿曼达·隆德,喜剧/动画/奇幻/冒险, 美国,2016-09-23(中国大陆/美国),87分钟,7.5
数码宝贝大冒险tri. 第3章：告白 デジモンアドベンチャー tri. 第3章 告白,元永庆太郎,柿原优子,田村睦心/樱井孝宏/荒川美穗/森下由树子/花江夏树/三森铃子/细谷佳正/吉田仁美/池田纯矢/榎木淳弥/市道真央/坂本千夏/山口真弓/重松花鸟/山田木野子/竹内顺子/松本美和/德光由禾,科幻/动画/冒险, 日本,2016-09-24,101分钟,7.6
爵迹,郭敬明,郭敬明,范冰冰/吴亦凡/陈学冬/陈伟霆/郭采洁/杨幂/林允/严屹宽/李治廷/王源/汪铎/郭敬明,动画/奇幻, 中国大陆,2016-09-29(中国大陆),121分钟,3.8
铠甲勇士捕王,郑国伟,郑国伟,赖艺/王畅唱/曲澔濬/于小凌/戴鑫龙/刘俐嘉/贾如/张子夜/王永峰/王鹏轩,动作/动画/奇幻/冒险, 中国大陆,2016-10-02(中国大陆),86分钟,3.7
蝙蝠侠：披风斗士归来 Batman: Return of the Caped Crusaders,里克·莫拉莱斯,詹姆斯·塔克/迈克尔·杰勒尼克/威廉·多兹尔/鲍勃·凯恩/比尔·芬格/艾德蒙·汉弥顿/杰瑞·罗宾逊/谢尔顿·莫道夫/迪克·史邦,亚当·威斯特/波特·瓦德/朱莉·纽玛/杰夫·伯格曼/赛丽娜·欧文/托马斯·列农/威廉·赛莱耶/琳恩·玛丽·斯图尔特/吉姆·瓦德/斯蒂文·韦伯/瓦利·维吉尔特,喜剧/动作/动画/冒险, 美国,2016-10-06(纽约动漫展)/2016-10-11(美国),78分钟,6.3
杀戮都市：O GANTZ:O,佐藤敬一/川村泰,黑岩勉,小野大辅/市道真央/郭智博/早见沙织/池田秀一/津嘉山正种/小野坂昌也/津田健次郎/小川辉晃/吉田尚纪/梶裕贵,动作/动画, 日本,2016-10-14(日本),96分钟,7.8
魔发精灵 Trolls,迈克·米歇尔/沃尔特·道恩,乔纳森·阿贝尔/格伦·伯杰/埃丽卡·里维诺亚/托马斯·丹姆,安娜·肯德里克/贾斯汀·汀布莱克/佐伊·丹斯切尔/克里斯托夫·梅兹-普莱瑟/克里斯汀·芭伦斯基/拉塞尔·布兰德/格温·斯蒂芬妮/约翰·克立斯/詹姆斯·柯登/杰弗里·塔伯/罗恩·芬奇斯/艾诺·贾沃/卡洛琳·耶尔特/昆瑙·内亚/奎文赞妮·瓦利斯/沃尔特·道恩/瑞斯·达比/瑞奇·狄龙/葛洛泽尔·格林/康达尔·约翰逊/格雷斯·赫尔比希/柯提斯·史东/迈克·米歇尔,动画/歌舞/奇幻/冒险, 美国,2016-10-28(中国大陆)/2016-11-04(美国),93分钟,7.2
在这世界的角落 この世界の片隅に,片渊须直,片渊须直/河野史代,能年玲奈/细谷佳正/尾身美词/稻叶菜月/牛山茂/新谷真弓/小野大辅/岩井七世/潘惠美/京田尚子/涩谷天外/小山刚志/津田真澄,剧情/动画/战争, 日本,2016-11-12(日本),126分钟,7.6
海洋奇缘 Moana,罗恩·克莱蒙兹/约翰·马斯克,罗恩·克莱蒙兹/约翰·马斯克/塔伊加·维迪提/杰拉德·布什,奥丽伊·卡瓦洛/道恩·强森/艾伦·图代克/杰梅奈·克莱门特/尼可·斯彻金格/特穆拉·莫里森/瑞切尔·豪斯/奥斯卡·凯特利/特洛伊·波拉马鲁,喜剧/动画/歌舞/家庭/奇幻/冒险, 美国,2016-11-25(中国大陆)/2016-11-23(美国),107分钟,7.6
了不起的菲丽西 Ballerina,艾瑞克·莎莫/艾瑞克·韦林,卡罗尔·诺布尔/艾瑞克·莎莫/劳伦特·泽图恩,艾丽·范宁/戴恩·德哈恩/卡莉·蕾·杰普森/麦迪·齐格勒/特伦斯·斯卡梅尔/塔米尔·卡皮利安/朱莉·卡纳/乔·谢里丹/伊拉娜·盖尔/肖莎娜·斯珀林/杰米·沃森/布朗温·曼特尔/梅尔·布鲁克斯/里卡多·埃尔曼德里·桑切斯/凯特·麦克金农,喜剧/动画/歌舞/冒险, 法国 / 加拿大,2017-02-01(中国大陆)/2016-12-14(法国),89分钟,6.5
猪猪侠之英雄猪少年,陆锦明/钟裕,王晓莉/陈业峰,易烊千玺/陈轶/张子琨/戎妍/庄承松/李泰承/刘青阳/陈志荣,喜剧/动画/奇幻, 中国大陆,2017-01-07(中国大陆),91分钟,4.7
之后 그 후,洪尚秀,洪尚秀,金敏喜/权海骁/赵允熙/金玺碧/纪柱峰,剧情/爱情, 韩国,2017-05-22(戛纳电影节)/2017-07-06(韩国),92分钟,7.5
黑蝴蝶 Black Butterfly,布莱恩·古德曼,马克·弗里德曼/贾斯廷·斯坦利,安东尼奥·班德拉斯/乔纳森·莱斯·梅耶斯/派珀·佩拉博/阿贝尔·费拉拉/尼古拉斯·阿隆/娜塔丽·拉布蒂·戈麦斯/亚历山德拉·克利姆/娇娅·利巴尔多尼/兰德尔·保罗/凯蒂·麦戈文/提摩西·马丁,惊悚, 美国,2017-05-26(美国),93分钟,6.0
代立军 대립군,郑胤澈,申英度,李政宰/吕珍九/金武烈/裴秀彬/曹东因/李絮/玄奉植/金明坤 /南成俊/朴海俊/朴元尚,剧情/历史/战争/古装, 韩国,2017-05-31(韩国),130分钟,6.3
一天 하루,赵善浩,赵善浩,金明民/卞耀汉/申惠善/赵恩恒/刘在明,剧情/悬疑/惊悚, 韩国,2017-06-15(韩国),90分钟,7.1
重装上阵 Once Upon a Time in Venice,马克·卡伦,马克·卡伦/罗布·卡伦,布鲁斯·威利斯/约翰·古德曼/杰森·莫玛/艾米丽 罗宾森/杰西卡·戈麦斯/卡莱蒂·威廉姆斯/迈尔斯·哈姆帕斯/法米克·詹森/托马斯·米德蒂奇/莫里斯·孔特/斯黛芬妮·西格曼/阿德里安·马丁斯/肯·戴维蒂安/维克托·奥尔蒂斯/亚当·戈德堡,喜剧/动作/惊悚, 美国,2017-06-16(美国),94分钟,5.5
地心营救 The 33,派翠西亚·里根,约瑟·里韦拉/克莱格·鲍登/马克·艾伦/菲利普·迈克尔·托马斯/赫克托·托伯,安东尼奥·班德拉斯/朱丽叶·比诺什/罗德里戈·桑托罗/娜奥米·斯科特/科特·德·巴勃罗/卢·戴蒙德·菲利普斯/詹姆斯·布洛林/加布里埃尔·伯恩/鲍勃·冈顿/凯特·德尔·卡斯蒂洛/贾克波·瓦格斯/马里奥·卡萨斯/艾德里安娜·巴拉扎/奥斯卡·努内斯/豪尔赫·迪亚斯/特诺切·韦尔塔/宝琳娜·加西亚/费德里科·路皮/胡安·巴勃罗·萨拉梅利亚,剧情/传记/历史, 美国 / 智利,2016-03-04(中国大陆)/2015-08-06(智利),127分钟(智利),7.3
破风 破風,林超贤,林超贤/林逢/侯颖桁,彭于晏/窦骁/崔始源/王珞丹/陈家乐/欧阳娜娜/连凯,剧情/运动, 香港 / 中国大陆,2015-08-07(中国大陆),126分钟,7.2
火影忍者剧场版：博人传 BORUTO -NARUTO THE MOVIE-,山下宏幸,岸本齐史/小太刀右京,三瓶由布子/菊池心/竹内顺子/杉山纪彰/阿部敦/小野贤章/木岛隆一/早见沙织/浪川大辅,动作/动画/冒险, 日本,2016-02-18(中国大陆)/2015-08-07(日本),96分钟,8.4
路边野餐,毕赣,毕赣,陈永忠/谢理循/余世学/郭月/赵达清/罗飞扬/曾帅/秦光黔/刘林艳/杨卓华/杨江船/欧孟军/吴得水/宋大成/廖冬凯,剧情, 中国大陆,2016-07-15(中国大陆)/2015-08-11(洛迦诺电影节),110分钟,7.7
诚实国度的爱丽丝 성실한 나라의 앨리스,安国真,安国真,李贞贤/明桂南/吴光禄/徐永嬅,剧情, 韩国,2015-08-13(韩国),90分钟,7.5
这时对那时错 지금은맞고그때는틀리다,洪尚秀,洪尚秀,郑在咏/金敏喜/尹汝贞/纪柱峰/崔华静/刘俊相/徐永嬅/高雅星,剧情, 韩国,2015-08-13(洛迦诺电影节)/2015-09-24(韩国),121分钟,7.4
滚蛋吧！肿瘤君,韩延,袁媛/张维重,白百何/吴彦祖/李媛/刘芮麟/程伊/刘莉莉/李建义/张子萱/沈腾,喜剧/爱情, 中国大陆,2015-08-13(中国大陆),128分钟,7.4
冲出康普顿 Straight Outta Compton,F·加里·格雷,乔纳森·赫尔曼/S·雷·利萨维治/艾伦·温库/安德丽亚·贝尔洛夫,科里·霍金斯/杰森·米切尔/小奥谢拉·杰克逊/阿尔迪斯·霍吉/保罗·吉亚玛提/勒凯斯·斯坦菲尔德/小尼尔·布朗/小马龙·耶茨/马修·博兰/R·马科斯·泰勒/卡拉·帕特森/亚历山德拉·希普/科瑞·雷诺兹,剧情/音乐/传记, 美国,2015-08-14(美国),147分钟,7.6
秘密特工 The Man from U.N.C.L.E.,盖·里奇,盖·里奇/莱昂内尔·威格拉姆/杰夫·克利曼/大卫·威尔森/萨姆·罗尔夫,亨利·卡维尔/艾米·汉莫/艾丽西亚·维坎德/西尔维斯特·格罗特/休·格兰特/杰瑞德·哈里斯/伊丽莎白·德比茨基/克里斯蒂安·贝克尔/豪尔赫·莱昂·马丁内斯/卢卡·卡尔瓦尼/大卫·贝克汉姆/丹尼尔·韦斯特伍德,喜剧/动作/冒险, 美国 / 英国,2015-08-14(美国/英国),116分钟,8.0
我的少女时代 我的少女時代,陈玉珊,曾咏婷,宋芸桦/王大陆/李玉玺/简廷芮/刘德华/陈乔恩/言承旭/曲家瑞/屈中恒/钟欣凌/许杰辉/蔡颐榛/郭文颐/石知田/那维勋/林鹤轩/陈彦允/张立东/郑茵声/李绍祥,喜剧/爱情, 台湾,2015-11-19(中国大陆)/2015-08-15(台湾),134分钟,7.8
内在美 뷰티 인사이드,白宗烈,Seon-jeong Kim/Jeong-ye Park/卢熙京,韩孝周/金大明/都枝寒/朴信惠/李凡秀/朴叙俊/金相浩/千禹熙/赵达焕/李阵郁/徐康俊/李栋旭/高雅星/金柱赫/柳演锡/上野树里/文淑/申东美/李在浚/李玹雨/金熙元,剧情/爱情/奇幻, 韩国,2015-08-20(韩国),127分钟,7.5
无处可逃 No Escape,约翰·埃里克·道达尔,约翰·埃里克·道达尔/德鲁·道达尔,欧文·威尔逊/蕾克·贝尔/斯特林·杰里斯/皮尔斯·布鲁斯南/Thanawut Kasro/Chatchawai Kamonsakpitak/Sahajak Boonthanakit/Tanapol Chuksrida/Nophand Boonyai/Kanarpat Phintiang,动作/惊悚, 美国,2015-08-26(美国),103分钟,7.2
绝命海拔 Everest,巴塔萨·科马库,威廉姆·尼克尔森/西蒙·博福伊,杰森·克拉科/乔什·布洛林/约翰·浩克斯/罗宾·怀特/艾米丽·沃森/迈克尔·凯利/凯拉·奈特莉/萨姆·沃辛顿/杰克·吉伦哈尔/克莱夫·斯坦登/伊丽莎白·德比茨基/米娅·高斯/马丁·亨德森/凡妮莎·柯比/汤姆·古德曼-希尔/森尚子,剧情/传记/冒险, 英国 / 美国 / 冰岛,2015-11-03(中国大陆)/2015-09-02(威尼斯电影节)/2015-09-25(美国),120分钟,7.4
无境之兽 Beasts of No Nation,凯瑞·福永,凯瑞·福永/祖丁马·伊维拉,伊德里斯·艾尔巴/亚伯拉罕·阿塔哈/理查德·皮泼/安德鲁·阿道特/弗朗西斯·温迪/约翰·阿瑟/格蕾丝·诺提/埃马瑞·布朗/娜娜·门沙/大卫·唐通/布莱恩·安杰斯/安德鲁·爱德华,剧情/战争, 美国,2015-09-03(威尼斯电影节)/2015-10-16(美国),137分钟,7.8
聚焦 Spotlight,汤姆·麦卡锡,乔希·辛格/汤姆·麦卡锡,马克·鲁弗洛/迈克尔·基顿/瑞秋·麦克亚当斯/列维·施瑞博尔/约翰·斯拉特里/布莱恩·达西·詹姆斯/斯坦利·图齐/比利·克鲁德普/保罗·吉尔福伊尔/杰米·谢尔丹/兰·卡琉/尼尔·哈夫/迈克尔·西里尔·克赖顿/迈克尔·康特里曼,剧情/传记, 美国 / 加拿大,2015-09-03(威尼斯电影节)/2015-11-25(美国),128分钟,8.8
妇女参政论者 Suffragette,莎拉·加芙隆,艾比·摩根,凯瑞·穆里根/海伦娜·伯翰·卡特/布莱丹·格里森/安-玛莉·杜芙/本·卫肖/梅丽尔·斯特里普/萝玛拉·嘉瑞/杰夫·贝尔/萨缪尔·韦斯特/摩根·华金斯/娜塔莉·普莱斯/玛瑞沃拉·嘉沃斯卡/理查德·班克斯/李·尼古拉斯·哈里斯,剧情/传记/历史, 英国,2015-09-04(特柳赖德电影节)/2015-10-12(英国),106分钟,8.1
房间 Room,伦尼·阿伯拉罕森,艾玛·多诺霍,布丽·拉尔森/雅各布·特伦布莱/琼·艾伦/肖恩·布里吉格斯/威廉姆·H·梅西/梅根·帕克/阿曼达·布鲁盖尔/卡斯·安瓦尔/乔·平格/温迪·古逊/兰道尔·爱德华/杰克·富尔顿/汤姆·麦卡穆斯,剧情/家庭, 爱尔兰 / 加拿大,2015-09-04(特柳赖德电影节)/2016-01-15(爱尔兰),118分钟,8.8
丹麦女孩 The Danish Girl,汤姆·霍珀,露辛达·考克森/大卫·艾伯豪夫,埃迪·雷德梅恩/艾丽西亚·维坎德/本·卫肖/塞巴斯蒂安·科赫/艾梅柏·希尔德/马提亚斯·修奈尔/尼古拉斯·伍德森/皮普·托伦斯/克劳斯·布埃/埃默拉尔德·芬内尔/理查德·迪克森,剧情/爱情/传记, 英国 / 美国 / 比利时 / 丹麦 / 德国,2015-09-05(威尼斯电影节)/2016-01-01(英国),119分钟,8.1
塔洛,万玛才旦,万玛才旦,西德尼玛/杨秀措,剧情, 中国大陆,2016-12-09(中国大陆)/2015-09-05(威尼斯电影节),123分钟(公映版),7.7
杀破狼2 殺破狼2,郑保瑞,黄英/梁礼彦,吴京/托尼·贾/张晋/任达华/卢惠光/恭硕良/林嘉华/蔡瀚亿/艾威/姜皓文/张驰/寇占文/古天乐/袁嘉敏,剧情/动作/犯罪, 香港 / 中国大陆,2015-06-18(中国大陆),120分钟,7.3
头脑特工队 Inside Out,彼特·道格特/罗纳尔多·德尔·卡门,彼特·道格特/罗纳尔多·德尔·卡门/梅格·勒福夫/乔什·库雷/迈克尔·阿恩特/西蒙·里奇/鲍勃·彼德森/比尔·哈德尔/艾米·波勒,艾米·波勒/菲利丝·史密斯/理查德·坎德/比尔·哈德尔/刘易斯·布莱克/敏迪·卡灵/凯特林·迪亚斯/戴安·琳恩/凯尔·麦克拉克伦/波拉·庞德斯通/鲍比·莫尼汉/宝拉·佩尔/大卫·戈尔兹/弗兰克·奥兹/乔什·库雷/弗利/约翰·拉岑贝格/卡洛斯·阿拉斯拉奇/皮特·萨加尔/拉什达·琼斯/罗里·艾伦/约翰·齐甘/雪莉·琳恩/拉瑞恩·纽曼/帕丽斯·冯·戴克,喜剧/动画/冒险, 美国,2015-10-06(中国大陆)/2015-06-19(美国),95分钟,8.7
阴差阳错的女演员们 かもしれない女優たち,関和亮,升野英知,竹内结子/真木阳子/水川麻美/片桐仁/升野英知,剧情/奇幻, 日本,2015-06-23(日本),68分钟,8.1
感化院 Freistatt,马克·布鲁蒙德,马克·布鲁蒙德/妮可·阿姆博斯特,乔纳斯·伯格/路易斯·霍夫曼/杰拉德·亚历山大·海德/施特凡·格罗斯曼/马克思·雷迈特/乌尔里希·图库尔/安娜·布拉德-维尔纳/阿克西尔·普拉尔/乌韦·博姆/马古斯·克罗杰尔,剧情, 德国,2015-06-25(德国)/2015-06(上海国际电影节),104分钟,8.4
我是路人甲,尔冬升,尔冬升,万国鹏/王婷/沈凯/徐小琴/林晨/魏星/蒿怡帆/蒿怡菲/覃培军/王昭/张文斌/林俭/耿立树/张喜来/周鹏/寇骏/姜涛/袁咏仪/方中信/刘伟强/冯德伦/吴彦祖/尔冬升/麦兆辉/庄文强/方平/张静初/许鞍华/林更新/蒋梦婕/陆剑明,剧情/喜剧, 中国大陆 / 香港,2015-07-03(中国大陆),134分钟,7.2
老笠,火火,火火/谭广源/贺鑫,郭伟亮/林雪/冯淬帆/曾国祥/姜皓文/马志威/卢惠光/崔碧珈/雷琛瑜/周祉君,惊悚/犯罪, 香港,2015-07-05(纽约亚洲电影节)/2016-04-14(香港),93分钟,7.4
巴霍巴利王(上)：开端 Baahubali: The Beginning,S·S·拉贾穆里,维杰耶德拉·普拉萨德/S·S·拉贾穆里/C·H·维杰·库马尔/阿贾·库马尔/马德汉·卡尔基/马努杰·芒塔希尔,帕拉巴斯/拉纳·达格巴提/特曼娜·芭蒂亚/拉姆亚·克里希南/安努舒卡·谢蒂/纳赛尔/挲塞亚拉杰/塔尼克拉·巴拉尼/苏迪普/罗希尼,剧情/动作/战争/奇幻/冒险, 印度,2016-07-22(中国大陆)/2015-07-10(印度),129分钟(中国大陆),7.2
小黄人大眼萌 Minions,凯尔·巴尔达/皮埃尔·科凡,布莱恩·林奇,桑德拉·布洛克/乔恩·哈姆/迈克尔·基顿/艾莉森·珍妮/史蒂夫·库根/珍妮弗·桑德斯/杰弗里·拉什/史蒂夫·卡瑞尔/皮埃尔·科凡/凯蒂·米克松/迈克尔·贝亚蒂/真田广之/大卫·罗森鲍姆/亚历克斯·道丁/保罗·索恩利,喜剧/动画, 美国,2015-09-13(中国大陆)/2015-07-10(美国),91分钟,7.3
西游记之大圣归来,田晓鹏,田晓鹏/刘虎/米粒/金冉/金成,张磊/林子杰/吴文伦/童自荣/刘九容/吴迪/刘北辰/赵乾景/周帅,喜剧/动作/动画/奇幻, 中国大陆,2015-07-10(中国大陆),89分钟,8.2
怪物之子 バケモノの子,细田守,细田守,役所广司/宫崎葵/染谷将太/广濑铃/山路和弘/宫野真守/山口胜平/长塚圭史/麻生久美子/黑木华/诸星堇/大野百花/津川雅彦/中川雅也/大泉洋,动作/动画/奇幻/冒险, 日本,2015-07-11(日本)/2016-03-04(美国),119分钟,7.6
斯坦福监狱实验 The Stanford Prison Experiment,凯尔·帕特里克·奥瓦内兹,Tim Talbott,埃兹拉·米勒/李起弘/奥莉薇·瑟尔比/比利·克鲁德普/迈克尔·安格拉诺/莫伊塞斯·阿里亚斯/泰伊·谢里丹/卡兰·麦克奥利菲/约翰尼·西蒙斯/尼可拉斯·博朗/杰克·基默/詹姆斯·弗兰切威勒/托马斯·曼/尼尔森·埃利斯/布莱特·达文,剧情/惊悚, 美国,2015-07-17(美国),122分钟,7.3
蚁人 Ant-Man,佩顿·里德,斯坦·李/杰克·科比/拉里·利伯/埃德加·赖特/乔·考尼什/亚当·麦凯/保罗·路德,保罗·路德/迈克尔·道格拉斯/伊万杰琳·莉莉/寇瑞·斯托尔/迈克尔·佩纳/大卫·达斯马齐连/朱迪·格雷尔/鲍比·坎纳瓦尔/约翰·斯拉特里/伍德·哈里斯/T.I./海莉·阿特维尔/瓦内萨·罗斯/马丁·唐文/乔·克里斯特/艾比·莱德·弗特森/安东尼·麦凯/加勒特·莫里斯/尼尔·汉博格/鲁德·哈利特/斯坦·李/克里斯·埃文斯/塞巴斯蒂安·斯坦,动作/科幻/冒险, 美国,2015-10-16(中国大陆)/2015-07-17(美国),117分钟,7.6
小萝莉的猴神大叔 Bajrangi Bhaijaan,卡比尔·汗,卡比尔·汗/维杰耶德拉·普拉萨德,萨尔曼·汗/哈莎莉·马洛特拉/卡琳娜·卡普尔/纳瓦祖丁·席迪圭/埃朗·哈斯米,剧情/喜剧/动作/爱情, 印度,2015-07-17(印度),159分钟,8.7
暗杀 암살,崔东勋,崔东勋/李基哲,全智贤/李政宰/河正宇/吴达洙/赵震雄/李璟荣/崔德门/金义城/朴炳垠 /陈庆/金海淑/曹承佑/河知元,剧情/动作/历史/犯罪, 韩国,2015-09-17(中国大陆)/2015-07-22(韩国),139分钟,8.0
铁拳 Southpaw,安东尼·福奎阿,科特·萨特,杰克·吉伦哈尔/福里斯特·惠特克/瑞秋·麦克亚当斯/乌娜·劳伦斯/50分/司盖兰·布鲁克斯/娜奥米·哈里斯/维克托·奥尔蒂斯/博·纳普/米格尔·戈麦斯,剧情/动作/运动, 美国 / 中国大陆,2016-09-02(中国大陆)/2015-07-24(美国),123分钟,7.2
假期历险记 Vacation,乔纳森·M·戈尔茨坦/约翰·弗朗西斯·戴利,乔纳森·M·戈尔茨坦/约翰·弗朗西斯·戴利,艾德·赫尔姆斯/克里斯蒂娜·艾伯盖特/莱斯利·曼恩/比佛莉·德安姬罗/切维·切斯/克里斯·海姆斯沃斯/伊丽莎白·吉莱丝/斯凯勒·吉桑多/尼克·克罗尔/查理·戴/科甘-迈克尔·凯/凯特琳·奥尔森/迈克尔·佩纳/雷吉娜·赫尔/山姆·莱文,喜剧/家庭/冒险, 美国,2015-07-29(美国),99分钟,7.1
旅行终点 The End of the Tour,詹姆斯·庞索特,唐纳德·马格利斯/大卫·利普斯基,杰森·席格尔/杰西·艾森伯格/安娜·克鲁姆斯基/麦米·古默/琼·库萨克/朗·里维斯顿/米奇·萨姆纳/琳赛·伊丽莎白,剧情, 美国,2015-07-31(美国)/2015-11-12(巴西),106分钟,7.8
误杀瞒天记 Drishyam,尼西卡特·卡马特,乌皮德拉·塞德海耶,阿贾耶·德乌干/塔布/施芮娅·萨兰/拉贾特·卡普尔/伊西塔·杜塔/莫伦诺·贾达夫/皮拉桑纳·凯特卡尔/尤盖莎·索南/帕拉斯莫什·帕拉布,剧情/悬疑/犯罪, 印度,2015-07-31(印度),163分钟,8.2
碟中谍5：神秘国度 Mission: Impossible - Rogue Nation,克里斯托弗·麦奎里,克里斯托弗·麦奎里/德鲁·皮尔斯/布鲁斯·盖勒,汤姆·克鲁斯/杰瑞米·雷纳/西蒙·佩吉/丽贝卡·弗格森/文·瑞姆斯/西恩·哈里斯/西蒙·迈克伯尼/张静初/汤姆·霍兰德/延斯·赫尔腾/亚历克·鲍德温/亚历克·乌特戈夫/赫敏·科菲尔德/阿美莉嘉·奥利沃/拉斯科·阿特金斯/肖恩·克罗宁/明格斯·约翰斯顿,动作/惊悚/冒险, 美国 / 香港 / 中国大陆,2015-09-08(中国大陆)/2015-07-31(美国),131分钟,7.7
生化危机：复仇 バイオハザード：ヴェンデッタ,辻本贵则,深见真/乔·麦克林,艾琳·卡希尔/达林·德·保罗/布莱恩·T·德莱尼/约翰·德米塔/凯文·多曼/杰森·范特/阿里夫·S·金成/玛丽·伊丽莎白·麦格林/马修·默瑟/托尼·奥立佛/阿尼·潘托哈/亚历山大·博林斯基/凯伦·斯特拉斯曼,动作/动画/恐怖/冒险, 日本,2017-05-27(日本),97分钟,6.4
蓝精灵：寻找神秘村 Smurfs: The Lost Village,凯利·阿斯博瑞,帕米拉·里本/斯泰西·哈曼/佩约,黛米·洛瓦托/雷恩·威尔森/乔·曼根尼罗/杰克·麦克布瑞尔/丹尼·朴迪/曼迪·帕廷金/迪·布拉雷·贝克尔/弗兰克·维尔克/米歇尔·罗德里格兹/艾丽·坎伯尔/朱莉娅·罗伯茨/阿芮尔·温特/梅根·崔娜/布雷特·马内尔/凯利·阿斯博瑞/杰克·约翰逊/加布里埃尔·伊格莱西亚斯/泰塔斯·伯吉斯/杰夫·敦哈姆/戈登·拉姆齐,喜剧/动画/奇幻/冒险, 美国,2017-04-21(中国大陆)/2017-03-25(格鲁吉亚)/2017-04-07(美国),90分钟,6.3
攻壳机动队 Ghost in the Shell,鲁伯特·桑德斯,士郎正宗/杰米·莫斯/威廉·惠勒/伊伦·克鲁格,斯嘉丽·约翰逊/皮鲁·埃斯贝克/北野武/朱丽叶·比诺什/迈克尔·皮特/黄经汉/丹妮西娅·萨马尔/拉札勒斯·雷图勒/泉原豊/托万达·马尼莫/彼得·费迪南多/安娜玛丽亚·玛琳卡/丹尼尔·亨绍尔/安德鲁·斯特林/桃井薰/查尔斯·欧比/福岛莉拉/约瑟夫·纳瓦胡/迈克尔·维克特,动作/科幻/犯罪, 美国,2017-04-07(中国大陆)/2017-03-29(法国)/2017-03-31(美国),107分钟,6.5
绑架者,徐静蕾/杨翌舒,徐静蕾/杨翌舒,白百何/黄立行/明道/李淳/李玖哲/徐静蕾/梁天,动作/犯罪, 中国大陆 / 台湾 / 香港,2017-03-31(中国大陆),95分钟,4.9
非凡任务,麦兆辉/潘耀明,庄文强,黄轩/段奕宏/郎月婷/祖峰/邢佳栋/王耀庆/王砚辉/丁勇岱/肖聪/李晓川/赵炳锐/代乐乐/陶海,剧情/动作/犯罪, 中国大陆,2017-03-31(中国大陆),122分钟,6.4
嫌疑人X的献身,苏有朋,李佳颖/黄海/苌江/王潮/迟海/冯元良/东野圭吾,王凯/张鲁一/林心如/叶祖新/丁冠森/邓恩熙/成泰燊/赵阳/侯明昊/焉栩嘉/任熙青/李炳易/李宏/赵燕国彰,悬疑/犯罪, 中国大陆,2017-03-31(中国大陆),112分钟,6.4
三个老枪手 Going in Style,扎克·布拉夫,西奥多·梅尔菲/爱德华·坎农,迈克尔·凯恩/摩根·弗里曼/艾伦·阿金/乔伊·金/安-玛格丽特/克里斯托弗·洛伊德/彼得·塞拉菲诺威茨/马特·狄龙/玛丽亚·迪齐亚/希博汗·法隆/约翰·奥提兹/基南·汤普森/凯特琳·卡尔森/乔什·帕斯/南希·卡斯特罗,喜剧/犯罪, 美国,2017-04-07(美国),96分钟,7.6
速度与激情8 The Fate of the Furious,F·加里·格雷,克里斯·摩根/盖瑞·斯科特·汤普森,范·迪塞尔/道恩·强森/查理兹·塞隆/杰森·斯坦森/米歇尔·罗德里格兹/泰瑞斯·吉布森/卢达克里斯/库尔特·拉塞尔/娜塔莉·伊曼纽尔/卢克·伊万斯/埃尔莎·帕塔奇/克里斯托弗·海维尤/斯科特·伊斯特伍德/帕特里克·圣埃斯普利特,动作/犯罪, 美国,2017-04-14(美国/中国大陆)/2017-04-12(法国),136分钟,7.1
异形：契约 Alien: Covenant,雷德利·斯科特,迈克尔·格林/约翰·洛根/杰克·帕格恩,迈克尔·法斯宾德/凯瑟琳·沃特斯顿/比利·克鲁德普/丹尼·麦克布莱德/德米安·比齐尔/卡门·艾乔戈/朱西·斯莫利特/考莉·埃尔南德斯/艾米·西米茨/纳撒尼尔·迪安/亚历山大·英格兰/本杰明·里格比/乌利·拉图基孚/泰丝·哈乌布里奇/罗蕾莱·金/哈维尔·博泰特/詹姆斯·弗兰科/盖·皮尔斯/劳米·拉佩斯,科幻/惊悚/恐怖, 美国,2017-06-16(中国大陆)/2017-05-10(法国)/2017-05-19(美国),122分钟,7.3
比利·林恩的中场战事 Billy Lynn's Long Halftime Walk,李安,让-克里斯托弗·卡斯特里/本·方丹,乔·阿尔文/加内特·赫德兰/克里斯汀·斯图尔特/范·迪塞尔/李淳/麦肯兹·利/史蒂夫·马丁/克里斯·塔克/本·普拉特/阿图罗·卡斯特罗/亚斯特罗/博·纳普/伊斯梅尔·克鲁斯·科尔多瓦/巴尼·哈里斯/布鲁斯·麦金农,剧情/战争, 美国 / 英国 / 中国大陆,2016-11-11(美国/中国大陆)/2016-10-15(纽约电影节),113分钟,8.4
驴得水,周申/刘露,周申/刘露,任素汐/大力/刘帅良/裴魁山/阿如那/韩彦博/卜冠今/王堃/高阳/苏千越/查尔斯·亚瑟/王峰,剧情/喜剧, 中国大陆,2016-10-28(中国大陆),111分钟,8.3
流浪猫鲍勃 A Street Cat Named Bob,罗杰·斯波蒂伍德,提姆·约翰/玛丽亚·内申/詹姆士·鲍恩/加里·詹金斯,卢克·崔德威/猫鲍勃/露塔·格德米纳斯/琼安·弗洛加特/安东尼·海德/戴伦·伊万斯/里维拉·吉迪恩/洛琳·艾什本/阿卡巴尔·库尔塔/约翰·亨肖/贝丝·戈达德/伊万娜·贝斯克/妮娜·瓦迪娅/罗茜·伊德/鲁斯·西恩/卡罗琳·古多尔/罗伯·贾维斯/李·尼古拉斯·哈里斯/丹尼尔·斯蒂森,剧情/喜剧/传记, 英国,2016-11-04(英国),103分钟,8.1
血战钢锯岭 Hacksaw Ridge,梅尔·吉布森,安德鲁·奈特/罗伯特·申坎,安德鲁·加菲尔德/萨姆·沃辛顿/文斯·沃恩/雨果·维文/卢克·布雷西/泰莉莎·帕尔墨/瑞切尔·格里菲斯/纳撒尼尔·布佐尼克/理查德·劳斯伯格/马特·纳夫莱/费拉斯·迪拉尼/瑞安·柯尔/卢克·佩格勒,剧情/动作/传记/历史/战争, 美国 / 澳大利亚,2016-12-08(中国大陆)/2016-11-04(美国),139分钟(中国大陆),8.7
斯隆女士 Miss Sloane,约翰·麦登,乔纳森·佩雷拉,杰西卡·查斯坦/古古·姆巴塔-劳/约翰·利特高/艾丽森·皮尔/迈克尔·斯图巴/马克·斯特朗/杰克·莱西/道格拉斯·史密斯/萨姆·沃特森/迪伦·贝克/恩尼斯·埃斯莫/梅格翰·法伊/亚历桑德拉·卡斯蒂略/凯尔·麦克/杰克·默里,剧情/惊悚, 美国 / 法国,2016-11-11(AFI影展)/2016-12-09(美国),132分钟,8.7
爱国者日 Patriots Day,彼得·博格,彼得·博格/马特·库克/约书亚·祖特曼/保罗·塔马西/埃瑞克·约翰逊,马克·沃尔伯格/米歇尔·莫纳汉/J·K·西蒙斯/约翰·古德曼/梅莉莎·班诺伊/凯文·贝肯/亚历克斯·沃尔夫/蕾切尔·布罗斯纳安/埃里卡·麦克德莫特/克里斯朵夫·奥谢/文森特·库拉托拉/詹姆斯·科尔比/欧阳万成/Themo Melikidze,剧情/惊悚/历史, 美国,2016-11-17(AFI影展)/2017-01-13(美国),133分钟,8.1
摔跤吧！爸爸 Dangal,涅提·蒂瓦里,比于什·古普塔/施热亚·简,阿米尔·汗/法缇玛·萨那·纱卡/桑亚·玛荷塔/阿帕尔夏克提·库拉那/沙克希·坦沃/泽伊拉·沃西姆/苏哈妮·巴特纳格尔/里特维克·萨霍里/吉里什·库卡尼,剧情/传记/运动, 印度,2017-05-05(中国大陆)/2016-12-23(印度),161分钟(印度),9.1
隐藏人物 Hidden Figures,西奥多·梅尔菲,艾莉森·施罗德/西奥多·梅尔菲/玛戈特·李·谢特利,塔拉吉·P·汉森/奥克塔维亚·斯宾瑟/加奈儿·梦奈/凯文·科斯特纳/克斯汀·邓斯特/吉姆·帕森斯/马赫沙拉·阿里/阿尔迪斯·霍吉/格伦·鲍威尔/金贝利·奎恩/奥莱克·克鲁帕,剧情/传记/历史, 美国,2016-12-25(美国),127分钟,8.6
猜火车2 T2 Trainspotting,丹尼·博伊尔,约翰·霍奇/埃文·威尔什,伊万·麦克格雷格/约翰尼·李·米勒/罗伯特·卡莱尔/艾文·布莱纳/雪莉·亨德森/安杰拉·奈迪亚科娃/史蒂文·罗伯特森/戈登·肯尼迪/西蒙·韦尔/詹姆斯·卡沙莫/梁佩诗/阿塔·雅谷伯/埃文·威尔什/凯莉·麦克唐纳/艾琳·尼古拉斯/凯文·麦克基德/艾米·曼森/波林·林奇/特丽莎·达斯科娃,剧情/犯罪, 英国,2017-01-27(英国),117分钟,8.0
乐高蝙蝠侠大电影 The LEGO Batman Movie,克里斯·麦凯,赛斯·格雷厄姆-史密斯/克里斯·麦克纳/埃里克·萨默斯/贾里德·斯特恩/约翰·惠廷顿/鲍勃·凯恩/比尔·芬格/杰里·西格尔/乔·舒斯特,威尔·阿奈特/罗莎里奥·道森/拉尔夫·费因斯/迈克尔·塞拉/扎克·加利凡纳基斯/珍妮·斯蕾特/玛丽亚·凯莉/查宁·塔图姆/乔纳·希尔/亚当·德维尼/柯南·奥布莱恩/杰森·曼兹沃克斯/艾迪·伊扎德/赛斯·格林/佐伊·克罗维兹/凯特 米库契/瑞琪·琳德赫姆/杰梅奈·克莱门特/艾丽·坎伯尔,喜剧/动作/动画/冒险, 美国,2017-03-03(中国大陆)/2017-02-10(美国),105分钟,8.0
金刚狼3：殊死一战 Logan,詹姆斯·曼高德,詹姆斯·曼高德/迈克尔·格林/斯科特·弗兰克,休·杰克曼/帕特里克·斯图尔特/达芙妮·基恩/波伊德·霍布鲁克/斯戴芬·莫昌特/伊丽莎白·罗德里格斯/多丽丝·莫尔加多/理查德·E·格兰特/玛丽·佩顿·斯图尔特/伊利斯·尼尔/艾瑞琪·拉·塞拉/劳伦·格罗斯/胡安·贾斯帕/克日什托夫·索什斯基/萨博·班克森,剧情/动作/科幻, 美国,2017-03-03(中国大陆/美国)/2017-02-17(柏林电影节)/2017-05-16(黑白版),123分钟(中国大陆),8.3
目击者之追凶 目擊者,程伟豪,程伟豪/陈昱俐/陈彦齐,庄凯勋/许玮甯/柯佳嬿/李铭顺/李淳/陈彦允/郑志伟/汤志伟/卜国耕,悬疑/惊悚/犯罪, 台湾,2017-03-31(台湾)/2017-06-21(上海电影节),117分钟,8.1
天才少女 Gifted,马克·韦布,汤姆·弗林,克里斯·埃文斯/麦肯娜·格瑞丝/琳赛·邓肯/珍妮·斯蕾特/奥克塔维亚·斯宾瑟/迈克尔·肯德尔·卡普兰/约翰·M·杰克逊/格伦·普拉默/约翰·芬/伊丽莎白·玛维尔/坎迪斯·B·哈里斯/乔恩·斯克拉夫/乔娜·肖/朱莉·安·埃默里/吉尔·奥唐奈,剧情/家庭, 美国,2017-04-12(美国),101分钟,8.1
银河护卫队2 Guardians of the Galaxy Vol. 2,詹姆斯·古恩,詹姆斯·古恩/丹·阿布内特/安迪·兰宁,克里斯·普拉特/佐伊·索尔达娜/戴夫·巴蒂斯塔/范·迪塞尔/布莱德利·库珀/凯伦·吉兰/迈克尔·鲁克/庞·克莱门捷夫/伊丽莎白·德比茨基/肖恩·古恩/库尔特·拉塞尔/克里斯·沙利文/大卫·哈塞尔霍夫/西尔维斯特·史泰龙/杨紫琼,动作/科幻/冒险, 美国,2017-05-05(中国大陆/美国)/2017-04-19(洛杉矶首映),136分钟,8.1
比海更深 海よりもまだ深く,是枝裕和,是枝裕和,阿部宽/真木阳子/小林聪美/树木希林/中川雅也/池松壮亮/桥爪功/中村友理/高桥和也/小泽征悦/峰村理惠/古馆宽治/叶山奖之/吉泽太阳,剧情/家庭, 日本,2016-05-18(戛纳国际电影节)/2016-05-21(日本),117分钟,8.6
季春奶奶 계춘할망,尹鸿承,尹鸿承/杨徐铉,尹汝贞/金高银/崔珉豪/申恩廷/朴敏智/柳俊烈/金熙元/梁益准/申银贞,剧情/家庭, 韩国,2016-05-19(韩国),116分钟,8.3
濑户内海 セトウツミ,大森立嗣,大森立嗣/此元和津也/宫崎大,池松壮亮/菅田将晖/中条彩未/铃木卓尔/宇野祥平/冈山天音,剧情/喜剧, 日本,2016-06-12(上海电影节)/2016-07-02(日本),75分钟,8.2
我们的世界 우리들,允佳恩,允佳恩,崔秀英/薛惠/李秀仁/康敏琼,剧情/儿童, 韩国,2016-06-16(韩国),95分钟,8.4
极品基老伴：完结篇 Vicious Series Finale,埃德·拜,加里·詹内蒂,伊恩·麦克莱恩/德里克·雅各比/弗朗西斯·德·拉·图瓦/伊万·瑞恩/玛西娅·沃伦/菲利普-沃斯/艾琳·阿特金斯/弗兰西斯·巴贝/阿利斯泰尔·布拉默/理查德·加德,喜剧/同性, 英国,2016-06-19(美国)/2016-12-16(英国),47分钟,9.3
你的名字。 君の名は。,新海诚,新海诚,神木隆之介/上白石萌音/长泽雅美/市原悦子/成田凌/悠木碧/岛崎信长/石川界人/谷花音/寺杣昌纪/大原沙耶香/井上和彦/茶风林/加藤有花/花泽香菜/寺崎裕香,剧情/爱情/动画, 日本,2016-12-02(中国大陆)/2016-08-26(日本),106分钟,8.5
爱乐之城 La La Land,达米恩·查泽雷,达米恩·查泽雷,瑞恩·高斯林/艾玛·斯通/约翰·传奇/罗丝玛丽·德薇特/芬·维特洛克/杰西卡·罗德/水野索诺娅/考莉·埃尔南德斯/J·K·西蒙斯/汤姆·艾弗瑞特·斯科特/米根·费伊/达蒙·冈普顿/贾森·福克斯/乔什·平茨/艾米·科恩/特里·沃尔特斯/汤姆·谢尔顿/辛达·亚当斯/克劳丁·克劳迪奥/D·A·瓦拉赫/特雷弗·里斯奥尔/奥莉维亚·汉密尔顿/安娜·查泽雷/马里乌斯·代·弗里斯/妮科尔·库隆/迈尔斯·安德森/约翰·辛德曼/瓦拉里·雷·米勒/基夫·范登·霍伊维尔/佐伊·霍尔/登普西·帕皮恩/辛德拉·车,剧情/爱情/歌舞, 美国,2017-02-14(中国大陆)/2016-08-31(威尼斯电影节)/2016-12-25(美国),128分钟,8.3
弗兰兹 Frantz,弗朗索瓦·欧容,弗朗索瓦·欧容/菲利普·皮亚佐,皮埃尔·尼内/葆拉·贝尔/恩斯特·施托兹/玛丽·格鲁伯/约翰·冯·比罗/安东·范·卢克/谢丽埃勒·克莱尔/阿丽斯·德·朗克桑/阿克塞尔·旺克/赖纳·埃格/赖纳·希尔贝斯奈德/梅林·罗斯,剧情/历史/战争, 法国 / 德国,2016-09-03(威尼斯电影节)/2016-09-07(法国),113分钟,8.2
杰出公民 El ciudadano ilustre,加斯顿·杜帕拉特/马里亚诺·寇恩,安德烈斯·杜普拉特,奥斯卡·马丁内兹/达迪·布列瓦/安德丽娅·弗里杰里奥/诺拉·纳瓦斯/曼努埃尔·维森特/马塞洛·丹德烈亚/贝伦·沙瓦纳/古斯塔沃·加尔松/朱利安·拉基尔·泰拉里尼/艾玛·里维拉/尼古拉斯·德·特蕾西/丹尼尔·卡尔吉曼/亚历克西斯·洛佩兹·科斯塔/莱昂纳多·穆里亚/佩德罗·罗斯,剧情/喜剧, 阿根廷 / 西班牙,2016-09-04(威尼斯电影节)/2016-09-08(阿根廷),118分钟,8.4
萨利机长 Sully,克林特·伊斯特伍德,托德·考马尔尼基/切斯利·舒伦伯格/杰弗里·札斯洛,汤姆·汉克斯/艾伦·艾克哈特/劳拉·琳妮/杰瑞·费拉拉/安娜·冈/奥图姆·瑞瑟/霍特·麦克卡兰尼/克里斯·鲍尔/杰米·谢尔丹/安·库萨克/莫莉·哈根/马克斯·阿德勒/萨姆·亨廷顿/韦恩·巴斯楚普/维勒莉·玛哈菲,剧情/传记/灾难, 美国,2016-12-09(中国大陆)/2016-09-09(美国),96分钟,8.3
欢乐好声音 Sing,加斯·詹宁斯/克里斯托夫·卢尔德莱,加斯·詹宁斯,马修·麦康纳/瑞茜·威瑟斯彭/塞思·麦克法兰/斯嘉丽·约翰逊/塔伦·埃格顿/托瑞·凯利/约翰·C·赖利/珍妮弗·桑德斯/詹妮弗·哈德森/加斯·詹宁斯/彼得·塞拉菲诺威茨/尼克·克罗尔/贝克·班尼特/杰·费罗尔/尼克·奥弗曼,喜剧/动画/歌舞, 美国,2017-02-17(中国大陆)/2016-09-11(多伦多电影节)/2016-12-21(美国),108分钟,8.2
契克 Tschick,法提赫·阿金,沃尔夫冈·赫恩多夫/拉斯·胡布里希/法提赫·阿金/哈克·波姆,特里斯坦·格贝尔/阿南德·巴特比勒格/阿妮娅·文德尔/尤斯蒂娜·洪普夫/保罗·布舍/杰罗姆·赫汤蒙/麦克斯·克鲁格/乌多·萨梅尔/安雅·施耐德/纳丁·杜布瓦/亨宁·佩克/乌韦·博姆/卡特琳娜·珀罗简/萨米·苏瑞泽尔/尤利乌斯·费尔斯伯格/海伦娜·西格蒙德-舒尔茨/克劳迪亚·盖斯勒-巴丁/马克·霍泽曼/尼科尔·默西迪丝·穆勒/亚历山大·吉尔/弗雷德里克·坎普特/凯·伊沃·保利兹,剧情/喜剧, 德国,2016-09-15(德国),93分钟,8.3
沃伦 Wołyń,沃伊切赫·斯玛若夫斯基,沃伊切赫·斯玛若夫斯基,米卡丽娜·拉巴克斯/阿尔卡迪乌什·雅库比克/沃西尔·沃西尔利克/阿德里安·扎仁巴/伊莎贝拉·库纳/雅采克·布拉茨亚克/玛丽亚·索博辛斯卡/奥列桑德·兹巴拉斯基/佛罗德米尔·普罗塔西尤克/奥维克桑德尔·彻舍洛夫/莱赫·德布里克/罗曼·斯勾勒斯基/扎卡尔杰斯斯·马斯齐因斯基/米哈尔·加多姆斯基/加布里埃拉·穆斯卡拉/托马什·萨普里克,剧情/历史/战争, 波兰,2016-09-23(格丁尼亚电影节)/2016-10-07(波兰),150分钟,8.2
看不见的客人 Contratiempo,奥里奥尔·保罗,奥里奥尔·保罗,马里奥·卡萨斯/阿娜·瓦格纳/何塞·科罗纳多/巴巴拉·莱涅/弗兰塞斯克·奥雷利亚/帕科·图斯/大卫·塞尔瓦斯/伊尼戈·加斯特西/圣·耶拉莫斯/马内尔·杜维索/布兰卡·马丁内斯/佩雷·布拉索/霍尔迪·布鲁内特/鲍比·冈萨雷斯/玛蒂娜·乌尔塔多,悬疑/惊悚/犯罪, 西班牙,2017-09-15(中国大陆)/2016-09-23(奇幻电影节)/2017-01-06(西班牙),106分钟,8.6
湄公河行动,林超贤,林超贤/朱镜祺/刘小群/谭惠贞/林明杰,张涵予/彭于晏/孙淳/陈宝国/冯文娟/刘显达/赵健/吴旭东/吴嘉龙/卢惠光/柏华力·莫高彼斯彻/维他亚·潘斯林加姆/战立国/石占杰/伍麟凯/Zobra/魏蔓/李佳璇/郝文婷/王笑龙/任蕊/Bhubhing Bhangsa-Ard/Achaya Vishwanath Govind/Nitidet Chery Junphli/Keerali Sivakuae/Alyaret Junamnoong/Vattcharachai Sunthomsin/Sarawut Kumsorn/Nongmal Bunchu/Subash A/L Sundaramoorthy/Itthiphon/Samrit Warin/纳卡琳·加汉/钟建龙/张敏嘉/陈沛兴/林美芬/詹姆斯·阿媞邦德/Amigo,动作/犯罪, 中国大陆 / 香港,2016-09-30(中国大陆),124分钟,8.0
小戏骨：白蛇传,潘礼平/陆剑梅/刘玉洁,,陶奕希/周芷莹/刘戴恩/钟奕儿/陈禹衡/李俊豪/李欣怡/罗自豪/李平波/喻峰/彭楚雅/胡轶珂/陈荣达/姚雯佳,剧情/儿童/古装, 中国大陆,2016-10-02(中国大陆),88分钟,8.4
太秦灯光下 太秦ライムライト,落合賢,大野裕之,福本清三/山本千寻/本田博太郎/合田雅吏/万田久子/峰蘭太郎/木下通博/柴田善行/尚玄/中村静香/市瀬秀和/穂のか/海老濑花/和泉ちぬ/小堀正博/高橋俊次/仁科贵/风间彻/中岛贞夫/栗塚旭/小林稔侍/松方弘树,剧情/动作, 日本,2014-07-12(日本),104分钟,8.1
小楼的奇幻生活 Lou! Journal infime,朱利安·内尔,朱利安·内尔/马克·西里加,洛拉·拉塞隆/露德温·塞尼耶/凯恩·科贾迪/纳塔莉·贝伊/茱莉·费里埃/莉莉·塔耶布/弗朗索瓦·罗兰,喜剧, 法国 / 比利时,2014-08-24(法国昂古莱姆电影节)/2014-10-08(法国/比利时),104分钟,8.0
姆明：漫游蓝湾 Muumit Rivieralla,Xavier Picard,Leslie Stewart/Annina Enckell/Hanna Hemilä/Xavier Picard/Beata Harju/托弗·杨森,伊丽娜·别尔克伦德/Maria Sid/Ragni Grönblom/Alma Pöysti/Beata Harju/Mats Långbacka/Carl-Kristian Rundman/Kristofer Gummerus/Martin Bahne/Christoffer Strandberg/Paavo Kerosuo/Katariina Lohiniva/C.G. Wenzel,喜剧/动画/家庭, 芬兰 Finland / 法国,2014-10-10(芬兰),80分钟,8.0
熟悉的陌生人 Un illustre inconnu,马修·德拉波特,马修·德拉波特/亚历山大·德·拉·巴特里耶,马修·卡索维茨/玛丽-乔西·克罗兹/埃里克·卡拉瓦卡/希欧布罕·芬内朗/奥利维尔·雷堡汀/苏菲‧卡达尼/Geneviève Mnich/Bernard Murat/Dimitri Storoge,剧情/惊悚, 法国,2014-11-19(法国),115分钟,8.1
神秘博士：最后的圣诞 Doctor Who: Last Christmas,Paul Wilmshurst,史蒂文·莫法特,彼得·卡帕尔迪/尼克·弗罗斯特,剧情/科幻, 英国,2014-12-25(英国),,8.3
希德尼娅的骑士 剧场版 劇場版 シドニアの騎士,静野孔文,弐瓶勉/村井贞之,逢坂良太/洲崎绫/丰崎爱生/子安武人/樱井孝宏/田中敦子/森なな子/金元寿子 Hisako Kanemoto,科幻/动画, 日本,2015-03-06(日本),134分钟,8.1
Love Live! 剧场版 ラブライブ! The School Idol Movie,京極尚彦,花田十輝,新田恵海/南条爱乃/内田彩/三森铃子/饭田里穗/Pile/楠田亚衣奈/久保由利香/德井青空,动画, 日本,2015-06-13(日本),100分钟,8.2
布兰卡和弹吉他的人 ブランカとギター弾き,长谷井宏纪,长谷井宏纪,西德乐·盖贝特罗/彼得·米拉里/乔马·比基尤/鲁比·鲁伊斯/雷蒙德·卡马乔,剧情/音乐, 意大利 / 菲律宾 / 日本,2015-09-05(威尼斯电影节)/2017-07-29(日本),75分钟,8.1
少女与战车 剧场版 ガールズ＆パンツァー 劇場版,水岛努,吉田玲子,渊上舞/茅野爱衣/山崎真实/中上育実/井口裕香/濑户麻沙美/能登麻美子/井泽诗织/上坂堇/早见沙织/大地叶/仓田雅世/植田佳奈/福圆美里/吉冈麻耶/田中理惠/金元寿子/竹达彩奈/中原麻衣/明坂聪美/川澄绫子/伊濑茉莉也/平野绫/生天目仁美/喜多村英梨,剧情/动画, 日本,2015-11-21(日本),120分钟,9.0
柠檬水 Lemonade,碧昂丝·诺尔斯/乔纳斯·阿克伦德/卡希尔·约瑟夫,华沙·希雷,碧昂丝·诺尔斯/杰斯/克洛伊·贝利/哈里·贝里/米凯拉·迪普利斯/马修·诺尔斯/蒂娜·诺尔斯/理查德·劳森/奎文赞妮·瓦利斯/塞蕾娜·威廉姆斯/赞达亚/阿曼德拉·斯坦伯格 ,音乐, 美国,2016-04-23(美国),65分钟,8.2
吹响悠风号：欢迎来到北宇治高中吹奏乐部 劇場版 響け！ユーフォニアム～北宇治高校吹奏楽部へようこそ～,石原立也,花田十辉/武田绫乃,黑泽朋世/朝井彩加/丰田萌绘/安济知佳/寿美菜子/早见沙织/茅原实里/石谷春贵/樱井孝宏,剧情/喜剧/动画/音乐, 日本,2016-04-23(日本),103分钟,8.3
亚人2：冲突 亜人 第2部 衝突,濑下宽之/安藤裕章,濑古浩司/樱井画门,宫野真守/细谷佳正/樱井孝宏/大塚芳忠/小松未可子/平川大辅/洲崎绫/木下浩之/福山润/小山力也/久保田民绘/野川雅史/藤卷大悟/吉野裕行/铃村健一/宫崎敦古/矢野正明/中村章吾/森川智之/齐藤壮马/坂本真绫/梶裕贵,剧情/动画/悬疑/惊悚, 日本,2016-05-06(日本),106分钟,8.4
"亨利六世：第二部分 Henry VI, Part 2",多米尼·克库克,本·鲍尔,本尼迪克特·康伯巴奇/安德鲁·斯科特/凯莉·霍威/本·丹尼尔斯/汤姆·斯图里奇/苏菲·奥康内多/詹姆斯·弗雷特/本·迈尔斯/菲比·福克斯/安东·莱瑟/杰森·沃特金斯/阿德里安·敦巴/斯坦利·汤森德,剧情/历史, 英国,2016-05-14(英国),123分钟,8.1
理查三世 Richard III,多米尼·克库克,本·鲍尔,本尼迪克特·康伯巴奇/朱迪·丹奇/凯莉·霍威/本·丹尼尔斯/苏菲·奥康内多/詹姆斯·弗雷特/菲比·福克斯/山姆·特劳顿/卢克·崔德威,剧情/传记/历史, 英国,2016-05-21(英国),130分钟,8.5
伤物语2：热血篇 傷物語Ⅱ 熱血篇,新房昭之/尾石达也,西尾维新,神谷浩史/坂本真绫/堀江由衣/樱井孝宏/入野自由/江原正士/大塚芳忠,喜剧/动作/动画/奇幻, 日本,2016-08-19(日本),69分钟,8.2
《西贡小姐》二十五周年表演 Miss Saigon: The 25th Anniversary Performance,Brett Sullivan,阿兰·布伯里勒 Alain Boublil,Eva Noblezada/阿利斯泰尔·布拉默/乔恩·琼·布里恩斯/Jonathan Pryce/丽娅·萨隆加/Simon Bowman/Rachelle Ann Go,音乐/歌舞, 英国 / 美国,2016-10-16(英国)/2016-11-12(香港),200分钟,8.3
伤物语3：冷血篇 傷物語Ⅲ 冷血篇,新房昭之/尾石达也,西尾维新,神谷浩史/坂本真绫/堀江由衣/樱井孝宏/入野自由/江原正士/大塚芳忠,喜剧/动画/奇幻, 日本,2017-01-06(日本)/2017-03-31(台湾)/2017-05-18(香港),83分钟,8.4
黑执事：大西洋之书 黒執事 Book of the Atlantic,阿部记之,吉野弘幸,小野大辅/坂本真绫/田村由加莉/诹访部顺一/福山润/大桥贤一郎/杉山纪彰/寺岛拓笃/东地宏树/梶裕贵/加藤英美里,剧情/动画, 日本,2017-01-21(日本),100分钟,8.4
无法避免的战争 Chakravyuh,Prakash Jha,Prakash Jha/Sagar Pandya,阿俊·拉姆鲍 阿布依·多尔 Manoj Bajpai,剧情, 印度,2012-10-24(印度),147分钟,8.3
西蒙·阿姆斯特尔：麻木 Simon Amstell: Numb,Tim Kirkby,西蒙·阿姆斯特尔,西蒙·阿姆斯特尔,, 英国,2012-12-31,58分钟,9.3
奇特的故事 Extraordinary Tales,劳尔·加西亚,劳尔·加西亚/埃德加·爱伦·坡 ,罗杰·科曼/吉尔莫·德尔·托罗/柯奈莉亚·冯克/史蒂文·休斯/克里斯托弗·李/朱利安·山德斯/贝拉·卢戈西,动画/悬疑, 卢森堡 / 美国 / 西班牙 / 比利时,2013-02-28(卢森堡电影节),73分钟,8.2
我亲爱的甜橙树 Meu Pé de Laranja Lima,马科斯·伯恩斯坦,马科斯·伯恩斯坦/Melanie Dimantas,João Guilherme de Ávila/José de Abreu/Fernanda Vianna/Eduardo Dascar,剧情, 巴西,2013-04-19,99分钟,8.5
那天妈妈来看我 那天媽媽來看我,郭春晖,雷孝慈,白冰冰/吴慷仁/王曈/吴震亚/邱安忱/周贤忠,剧情/同性/家庭, 台湾,2013-05-12(台湾),88分钟,8.2
现实之舞 La danza de la realidad,亚历桑德罗·佐杜洛夫斯基,亚历桑德罗·佐杜洛夫斯基,亚历桑德罗·佐杜洛夫斯基/Pamela Flores/Jeremias Herskovits/布隆蒂斯·佐杜洛夫斯基/Bastián Bodenhöfer/亚当·佐杜洛夫斯基/Axel Jodorowsky/Francisco Pizarro Saenz de Urtury/Andres Cox/Felipe Pizarro Sáenz De Urtury/Alisarine Ducolomb,传记, 智利,2013-05-18(戛纳电影节),130分钟,8.4
旧罪的阴影 Poirot: Elephants Can Remember,约翰·史翠兰,阿加莎·克里斯蒂/尼克·迪尔,大卫·苏切特/佐伊·沃纳梅克/凡妮莎·柯比/格列塔·斯卡奇/伊恩·格雷,悬疑/犯罪, 英国,2013-06-09(英国),89分钟,8.1
出路,陈为军,,,, 中国大陆,2013,59分钟,8.9
月光诗篇 Flores Raras,布鲁诺·巴列托,马修·查普曼/Julie Sayres,格劳瑞·皮尔丝/米兰达·奥图/特雷西·米登道夫/Marcello Airoldi/罗拉·科克/Tânia Costa/Marianna Mac Niven/Marcio Ehrlich/特里特·威廉斯/Anna Bella,同性/传记, 巴西,2013-08-09(巴西),118分钟,8.0
寂静人生 Still Life,乌贝托·帕索里尼,乌贝托·帕索里尼,埃迪·马森/琼安·弗洛加特/Karen Drury/安德鲁·巴肯/布隆森·韦伯,剧情, 英国 / 意大利,2013-09-03(威尼斯电影节),87分钟,8.3
狗十三,曹保平,焦华静,张雪迎/果靖霖/智一桐/代旭,剧情/家庭, 中国大陆,2013-10-11(华语青年影像论坛),119分钟,8.0
生命如此美好 Chce Się Żyć,马切伊·佩普日察,马切伊·佩普日察,大卫·奥格尼克/多萝塔·科拉克/阿尔卡迪乌什·雅库比克/海伦娜·萨和卡/Mikolaj Roznerski/Kamil Tkacz/Tymoteusz Marciniak/安娜·内赫雷贝茨卡/Katarzyna Zawadzka/Anna Karczmarczyk/Agnieszka Kotlarska/Janusz Chabior/加布里埃拉·穆斯卡拉/莱赫·德布里克/Dariusz Chojnacki,剧情, 波兰,2013-10-11(波兰),112分钟,8.3
古宅迷踪 Poirot: Dead Man's Folly,汤姆·沃恩,阿加莎·克里斯蒂/尼克·迪尔,大卫·苏切特/佐伊·沃纳梅克/西恩·帕特维/西妮德·库萨克/斯蒂芬妮·列尼达斯,剧情/悬疑/犯罪, 英国,2013-10-30(英国),89分钟,8.2
流浪的尤莱克 Lauf Junge lauf,Pepe Danquart,亨里希·哈丁,赖纳·博克/詹妮特·海因/Sebastian Hülk,剧情, 德国,2013-11-05(科特布斯电影节)/2014-01-10(波兰),,8.3
帷幕：波洛的最后一案 Curtain: Poirot's Last Case,希提·麦克唐纳,阿加莎·克里斯蒂/凯文·埃尔约特,大卫·苏切特/休·弗拉瑟/艾丹·麦克阿德尔/艾丽丝·奥尔尤因/海伦·巴克森代尔,悬疑/犯罪, 英国,2013-11-13(英国),90分钟,9.2
古剑奇谭2：永夜初晗,鼻涕妞,鼻涕妞,赵毅/山新/夏磊/朱雀橙/吴磊/赵岭/流月城沈胖子,爱情/动画/奇幻/冒险, 中国大陆,2014-01-01(中国大陆),121分钟,8.7
杰克 Jack,爱德华·贝尔格,爱德华·贝尔格/Nele Mueller-Stöfen,Ivo Pietzcker/Georg Arms/Jodine Johne/Johann Fohl/Luise Heyer/Johannes Langer/雅各布·马琛茨/Nele Mueller-Stöfen/Vincent Redetzki/Sebastian Stielke,剧情, 德国,2014-02-07(德国),103分钟,8.3
老虎和兔子：崛起 劇場版 TIGER & BUNNY -The Rising-,米谷良知,西田征史,平田广明/森田成一/中村悠一/寿美菜子,剧情/动画, 日本,2014-02-08(日本),,8.2
艾弗森 Iverson The Movie,Zatella Beatty,Stephen Perry,阿伦·艾弗森 Allen Iverson/卡梅隆·安东尼,传记, 美国,2014-04-27(美国),86分钟,8.6
中国推销员,檀冰,檀冰,李东学/迈克·泰森/史蒂文·席格/李艾/王自健/安妮克·阿斯克渥德/克罗维斯·弗昂/艾瑞克·艾伯纳尼,剧情/动作/爱情/战争, 中国大陆,2017-06-16(中国大陆),110分钟,4.1
六人晚餐,李远,梅峰/张巳阳,窦骁/张钧甯/邬君梅/吴刚/赵立新/俞灏明/尹馨梓/姜尘/崔文璐/陈欢/胡晴云/陈威旭/郝宣凯/李雨诺,剧情/爱情, 中国大陆,2017-06-16(中国大陆),100分钟,5.5
绣春刀II：修罗战场,路阳,陈舒/路阳/禹扬,张震/杨幂/张译/雷佳音/辛芷蕾/金士杰/刘端端/武强/杨轶/李媛/吴晓亮/李洪涛/刘峰超/袁文康/马赫/刘亭作/姜晓冲/陈齐威/王仁君/周一围,剧情/动作/武侠/古装, 中国大陆,2017-07-19(中国大陆)/2017-06-18(上海电影节),120分钟,7.5
逆时营救,尹鸿承,査慕春,杨幂/霍建华/金士杰/刘畅/张艺瀚 /王俐丹,动作/科幻, 中国大陆,2017-06-29(中国大陆)/2017-06-19(上海电影节),106分钟,4.8
绝世高手,卢正雨,卢正雨/赵英俊/冷旭阳/果小丹,卢正雨/郭采洁/范伟/蔡国庆/陈冲/仓田保昭/孔连顺/黄龄/杨迪/柯达/艾伦/赵英俊/魏翔/汪聪/何蓝逗,喜剧/动作, 中国大陆,2017-07-07(中国大陆)/2017-06-22(上海电影节),116分钟,6.2
缉枪,徐兵,徐兵,白举纲/连奕名/热依扎/洪剑涛/王泷正/童苡萱/戚云鹏/陈启杰/任东霖,剧情/动作/犯罪, 中国大陆,2017-06-23(中国大陆),104分钟,6.5
再见时光,薛贤坚,薛贤坚,杜维瀚/张家瑜/陈鹏万里/吴昱瑶/赵梦强/刘颺/余思潞,剧情/爱情/同性, 中国大陆,2017-06-30(中国大陆),90分钟,5.4
哀乐女子天团,桑木天/刘博文,郭昱德/桑木天/刘博文,杨小兰/刘頔/尹菲/叶禹含/陈洁怡/谭志玲/秦勇,剧情/音乐, 中国大陆,2017-06-30(中国大陆),86分钟,7.0
伪婚男女 偽婚男女,周美玲,周美玲/欧阳瑶,唐振刚/周厚安/李京恬/程茉/王琄,剧情/同性, 台湾,2017-07-01(台湾-Vidol频道),129分钟,6.4
京城81号2 京城81号Ⅱ,钱人豪,谭广源/蔡骏/黄慧惠,张智霖/梅婷/钟欣潼/耿乐/邬君梅/王水林/陈冲/高捷/林雪/连凯/万国鹏/披拉·尼迪裴善官,剧情/悬疑/惊悚, 中国大陆,2017-07-06(中国大陆),93分钟,3.9
青禾男高,蒋卓原,蒋卓原,景甜/欧豪/黑木美沙/林遣都/张宁江/尹昉/周游/丁冠森/夏恩/姜宗远/中岛广稀/刘德凯/荫山征彦/木幡龙/李方丁/大谷主水/清水泰地/蔡玮伦/潘怡安/木地雅茂,剧情, 中国大陆 / 台湾,2017-07-12(中国大陆),98分钟,4.0
悟空传,郭子健,郭子健/今何在/黄海/范文文/黄智亨,彭于晏/倪妮/余文乐/俞飞鸿/欧豪/郑爽/乔杉/杨迪/巴音/王德顺,剧情/动作/奇幻, 中国大陆,2017-07-13(中国大陆),123分钟,5.2
海滩的一天,杨德昌,杨德昌/吴念真,张艾嘉/胡因梦/徐明/毛学维/左鸣翔/颜凤娇/吴少刚/梅芳/林瑞阳/南俊/小戽斗/于守仁/孙明珠/李淑桢/罗文诚/黄玉华/李梦麟/珍妮弗·奥尼尔/侯孝贤/陈坤厚/柯一正/陶德辰/万仁/曾壮祥/小野/许淑贞/段钟沂/吴念真 Nien-Jen Wu/李烈,剧情/爱情, 台湾,1983/2017-07-14(台湾重映),166分钟,8.3
喵星人,陈木胜,陈木胜,古天乐/马丽/刘楚恬/黄星羱/阮兆祥/诗雅/蔡一智/蔡一杰,喜剧/奇幻, 香港,2017-07-14(中国大陆),109分钟,4.4
三生三世十里桃花,赵小丁/安东尼·拉默里纳拉,李晗/刘晗/麦灵/张亚亮/唐七,刘亦菲/杨洋/罗晋/严屹宽/李纯/顾璇/陈佩斯/彭子苏/张贺茗/王羽铮/塔拉,爱情/奇幻, 中国大陆,2017-08-03(中国大陆),109分钟,4.1
鲛珠传,杨磊,张炭/徐照青/杨磊,王大陆/张天爱/任达华/盛冠森/王迅/赵健/刘俊孝/释彦能/胡兵/何穗/蒋璐霞/杜奕衡/周一围,喜剧/动作/爱情/奇幻, 中国大陆 / 香港,2017-08-11(中国大陆),108分钟,4.8
星游记之风暴法米拉,胡一泊,刘磊,陶典/小连杀/山新/宝木中阳/边江/图特哈蒙/曹云图/笑谈/杨天翔/郭盛/阎萌萌/幽舞越山/C小调/皇贞季/藤新/邢凯新/叮当/姜广涛,动作/动画/奇幻/冒险, 中国大陆,2017-08-11(中国大陆),69分钟,7.6
赛尔号大电影6：圣者无敌,王章俊,王章俊/邓磊,罗玉婷/翟巍/王晓彤/孙晔,喜剧/动画/儿童/奇幻/冒险, 中国大陆,2017-08-18(中国大陆),90分钟,4.8
小戏骨：放开那三国,潘礼平/邹江/尹俊欢,邢育森/高翔,陶奕希/李俊豪/葛奕德/赵晨翔/陈荣达/罗自豪/陶冰蓝/周冉/黎哲彬/祁晟原/段智文/周柯伊/赵士添,剧情/儿童/历史/古装, 中国大陆,2017-08-28(中国大陆),104分钟,8.5
海角有个五店市,张柏瑞,李小莹/张柏瑞/贾小静,王德顺/李纯/班杰/胡小玲,剧情/爱情, 中国大陆,2017-04-07(中国大陆),107分钟,4.4
喜欢你,许宏宇,李媛/许伊萌/蓝白色(原著),金城武/周冬雨/孙艺洲/奚梦瑶/杨祐宁/张国柱/高晓松/林志玲/赵英俊/海佟,喜剧/爱情, 中国大陆,2017-04-27(中国大陆)/2017-04-08(北京电影节),106分钟,6.9
指甲刀人魔,关智耀,陆以心/端端/游凯媛,周冬雨/张孝全/纳豆/林辰唏/蔡洁/盛朗熙/郑伊健/谢依霖/许玮甯,喜剧/爱情, 中国大陆 / 香港,2017-04-14(中国大陆)/2017-04-11(北京电影节),100分钟,4.4
春娇救志明 春嬌救志明,彭浩翔,彭浩翔/尹志文/陆以心,余文乐/杨千嬅/蒋梦婕/曾国祥/邵音音/秦沛/王晓晨/李程彬,剧情/喜剧/爱情, 香港 / 中国大陆,2017-04-28(中国大陆)/2017-04-11(香港电影节)/2017-04-27(香港),121分钟,7.2
失眠,邱礼涛,李敏,黄秋生/诗雅/林家栋/麦子乐/吴俐璇,恐怖, 香港,2017-04-17(香港电影节)/2017-05-18(香港),102分钟,6.0
傲娇与偏见,李海蜀/黄彦威,李海蜀/黄彦威/媚媚猫(原著)/张秀洁/韩瑞/马月红,迪丽热巴/张云龙/高伟光/金晨/马薇薇/范湉湉/披拉·尼迪裴善官/周海媚/樊野/李彧,喜剧/爱情, 中国大陆,2017-04-20(中国大陆),108分钟,5.0
血狼犬,刘建华,刘夏,黄宏/刘向京/赵婷婷/孙涛/王海燕/肥龙/朱琳/秦艺伟/党晨,剧情/动作/冒险, 中国大陆,2017-04-21(中国大陆),95分钟,5.8
神秘家族,朴裕焕,朴裕焕,林依晨/姜武/陈晓/惠英红/蓝正龙/安琥/张岫云/楼学贤/郭耀仁/王道南/马国华/陈万号/张哲豪/林柔君/刘芷凌/杜知晨,剧情/悬疑/犯罪, 中国大陆 / 台湾 / 韩国,2017-04-21(中国大陆),93分钟,5.0
记忆大师,陈正道,任鹏/陈正道,黄渤/段奕宏/徐静蕾/杨子姗/梁杰理/许玮甯/王真儿/焦刚/张念骅/杜函梦/栾元晖/曹英睿,剧情/悬疑/惊悚/犯罪, 中国大陆,2017-04-28(中国大陆)/2017-04-23(北京电影节),119分钟,7.2
拆弹专家,邱礼涛,邱礼涛/李敏,刘德华/姜武/宋佳/吴卓羲/姜皓文/王紫逸/黄日华/石修/廖启智/张竣杰/蔡瀚亿/张继聪/李国麟/骆应钧/尹扬明/卢惠光/何华超,动作/悬疑/犯罪, 中国大陆 / 香港,2017-04-28(中国大陆),120分钟,6.4
同囚,黄国权,黄志邦/黄国权,游学修/关楚耀/赵永洪/赵咏瑶/徐伟栋/乔宝宝/汉洋/郭奕芯/李国麟/谭嘉荃/麦以马/岑珈其,剧情/犯罪, 香港,2017-05-04(香港),100分钟,5.7
麻烦家族,黄磊,山田洋次/黄磊,黄磊/海清/王迅/李立群/孙莉/魏大勋/张伟欣/任容萱/何炅/岳云鹏/孟非/闫妮/英达,剧情/喜剧/家庭, 中国大陆,2017-05-11(中国大陆),103分钟,4.6
毒。诫 毒。誡,刘国昌,陈文强/林惠菊,刘青云/林家栋/古天乐/张晋/江一燕/谭耀文/吴孟达/陈观泰/卢海鹏/楼南光/欧锦棠/林国斌/尹扬明/苗可秀/庄思敏/张建声,剧情/动作/犯罪, 中国大陆 / 香港,2017-05-12(中国大陆),100分钟,4.8
小情书,乔梁,宋丽颖,赵顺然/朱颜曼滋/姜瑞佳/高子沣/杨青/赵健雷/任帅/刘丹/姜宏波/韩昊轩/马祥睿/邓震/伍宇辰柠/赵珍妮/张鑫凯,剧情/爱情, 中国大陆,2017-05-19(中国大陆),100分钟,6.3
不期而遇,陈卓,右耳/陈卓,张雨绮/张亮/王少雍/冷中易,喜剧/爱情, 中国大陆 / 美国,2017-05-19(中国大陆),94分钟,3.9
夏天19岁的肖像,张荣吉,李佳颖/陈立萍/苏照彬/岛田庄司,黄子韬/杨采钰/杜天皓/李梦/张国柱/柯淑勤/朱芷莹/冯淬帆,爱情/悬疑, 中国大陆,2017-05-27(中国大陆),90分钟,4.9
“吃吃”的爱,蔡康永,蔡康永,徐熙娣/林志玲/金世佳/李子峰/陈汉典/范湉湉/傅雷/沈玉琳/梁赫群/赵正平/高山峰/马国贤/利晴天/曾恺玹/陈为民/小钟/谢依霖/仇佩佩/小甜甜/黄腾浩/郭文颐/张立东/杨升达/韩宜邦,喜剧/爱情/奇幻, 中国大陆 / 香港 / 台湾,2017-05-27(中国大陆/台湾),90分钟,5.6
美好的意外,何蔚庭,哈智超/周佳琳,桂纶镁/王景春/欧阳娜娜/王元也/陈坤,喜剧/奇幻, 中国大陆,2017-06-02(中国大陆),105分钟,5.5
忠爱无言,谈宜之,谈宜之,高强/于月仙/李玉峰/二货/储毅/王玉宁,剧情, 中国大陆,2017-06-09(中国大陆),97分钟,7.2
战争机器 War Machine,大卫·米奇欧德,大卫·米奇欧德/迈克尔·黑斯廷斯,布拉德·皮特/安东尼·海斯/约翰·马加罗/安东尼·迈克尔·豪尔/艾莫里·科恩/托弗·戈瑞斯/丹尼尔·贝茨/艾蒙·汉道奇/RJ·赛勒/阿兰·卢克/尼古拉斯·琼斯/威尔·保尔特/勒凯斯·斯坦菲尔德/本·金斯利/梅格·提利/蒂尔达·斯文顿,剧情/喜剧/战争, 美国,2017-05-26(美国),121分钟,6.0
神奇女侠 Wonder Woman,派蒂·杰金斯,艾伦·海因伯格/扎克·施奈德/贾森·福克斯/威廉·马斯顿,盖尔·加朵/克里斯·派恩/康妮·尼尔森/罗宾·怀特/丹尼·赫斯顿/大卫·休里斯/萨伊德·塔格马奥/艾文·布莱纳/尤金·布雷弗·洛克/露茜·戴维斯/埃伦娜·安纳亚/莉莉·阿斯佩尔/艾米丽·凯里/丽莎·洛文·孔斯利/安·奥戈博莫/杜晨·科洛斯,动作/奇幻/冒险, 美国,2017-06-02(中国大陆/美国)/2017-05-30(香港/台湾),141分钟,7.1
内裤队长 Captain Underpants: The First Epic Movie,大卫·索伦,尼古拉斯·斯托勒/戴夫·皮尔奇/大卫·索伦,凯文·哈特/托马斯·米德蒂奇/艾德·赫尔姆斯/尼克·克罗尔/乔丹·皮尔/克里斯汀·沙尔/迪迪·雷斯彻/布莱恩·波塞恩/大卫·索伦/梅尔·罗德里格斯/苏珊·菲泽/琳娜·泽格/蒂凡妮·劳伦·本尼克/詹姆斯·瑞恩/莱斯利·大卫·贝克/舒格·林·彼尔德/莱斯利·尼科尔/克里斯·米勒/可可·索伦,喜剧/动作/动画, 美国,2017-06-02(美国),89分钟,5.4
浮生梦 My Cousin Rachel,罗杰·米歇尔,罗杰·米歇尔/达芙妮·杜穆里埃,山姆·克拉弗林/蕾切尔·薇兹/伊恩·格雷/霍丽迪·格兰杰/波佩·李·弗里尔/安德鲁·诺/安德鲁·哈维尔/薇琪·佩珀代因/凯瑟琳·皮尔斯/路易斯·苏克/哈莉·海因斯/阿提拉·G·凯雷克斯/奥斯汀·泰勒/崔斯特瑞姆·戴维斯/斯图尔特·戴维森/克里斯·加拉鲁斯/鲍比·斯科特·弗里曼/唐·惠斯坦斯/霍莉·苏海尔,剧情/爱情/悬疑, 英国 / 美国,2017-06-09(英国),106分钟,6.2
新木乃伊 The Mummy,艾里克斯·库兹曼,乔·斯派茨/克里斯托弗·麦奎里,汤姆·克鲁斯/罗素·克劳/安娜贝拉·沃丽丝/索菲亚·波多拉/杰克·约翰逊/考特尼·万斯/马尔万·肯扎里/斯蒂芬·汤普森/詹姆斯·阿拉马/马修·威尔卡斯/索姆·卡皮拉/肖恩·卡梅伦·迈克尔/雷兹·肯普顿/尼尔·马斯克尔/哈维尔·博泰特/帕克·索耶,动作/奇幻/冒险, 美国,2017-06-09(中国大陆/美国),110分钟,4.8
神偷奶爸3 Despicable Me 3,凯尔·巴尔达/皮埃尔·科凡/埃里克·吉伦,辛科·保罗/肯·道里欧,史蒂夫·卡瑞尔/克里斯汀·韦格/崔·帕克/米兰达·卡斯格拉夫/达纳·盖尔/内芙·沙雷尔/皮埃尔·科凡/史蒂夫·库根/朱莉·安德鲁斯/珍妮·斯蕾特/迈克尔·贝亚蒂/安迪·尼曼/阿德里安·奇斯卡托/布莱恩·T·德莱尼/肯·道里欧,喜剧/动画/冒险, 美国,2017-07-07(中国大陆)/2017-06-14(安锡动画电影节)/2017-06-30(美国),90分钟,7.0
仓皇一夜 Rough Night,露西亚·安尼洛,露西亚·安尼洛/保罗·当斯,斯嘉丽·约翰逊/吉莉恩·贝尔/佐伊·克罗维兹/伊拉纳·格雷泽/凯特·麦克金农/保罗·当斯/瑞安·库柏/泰·布利尔/黛米·摩尔/恩里克·穆西安诺/迪恩·文特斯/科尔顿·海恩斯/帕特里克·卡莱尔/埃里克·安德烈/博·伯翰,喜剧, 美国,2017-06-16(美国),101分钟,5.5
一锤定音 Shot Caller,里克·罗曼·沃夫,里克·罗曼·沃夫,尼古拉·科斯特-瓦尔道/蕾克·贝尔/乔·博恩瑟/杰弗里·多诺万/欧玛瑞·哈德威克/霍特·麦克卡兰尼/洁西·斯克拉姆/本杰明·布拉特/迈克尔·兰德斯/艾莫里·科恩/伊万·琼斯/胡安·巴勃罗·拉瓦/克里斯·勃朗宁/萨拉·明妮奇/基思·雅各/马特·杰拉德,剧情/惊悚/犯罪, 美国,2017-06-17(洛杉矶电影节)/2017-08-18(美国),121分钟,7.4
死于独特 Murdered for Being Different,保罗·安德鲁·威廉姆斯,尼克·莱瑟,查内尔·克雷斯韦尔/尼克·迈瑞莱格伦/阿比盖尔·劳里/刘易斯·布朗/多米尼克·卡特/阿米莉亚·克拉克/克里斯·乔奇,剧情/犯罪, 英国,2017-06-18(英国网络),61分钟,7.9
变形金刚5：最后的骑士 Transformers: The Last Knight,迈克尔·贝,阿特·马库姆/马特·霍洛维/肯·诺兰/阿齐瓦·高斯曼,马克·沃尔伯格/伊莎贝拉·莫奈/劳拉·哈德克/安东尼·霍普金斯/乔什·杜哈明/彼特·库伦/约翰·古德曼/斯坦利·图齐/桑地亚哥·卡布瑞拉/吉尔·伯明翰/渡边谦/约翰·迪·玛吉欧/弗兰克·维尔克/米彻·佩勒吉,动作/科幻, 美国,2017-06-23(中国大陆)/2017-06-21(美国),149分钟,4.9
绝命时钟2:22 2:22,保罗·柯瑞,托德·斯坦因/内森·帕克,泰莉莎·帕尔墨/米契尔·哈思曼/萨姆·里德/梅芙·德莫迪/约翰·沃特斯/瑞米·海依/西蒙娜·凯塞尔/凯瑞·阿姆斯特朗/凯蒂·麦康奈尔/杰西卡·克拉克/玛丽莎·拉蒙尼卡/理查德·戴维斯/扎拉·迈克尔斯/安吉·特里克/卡玛·莎伦/米切尔·巴特尔,惊悚, 美国 / 澳大利亚,2017-06-30(美国),98分钟,6.0
首杀 First Kill,史蒂芬·C·米勒,尼克·戈登,布鲁斯·威利斯/海登·克里斯滕森/泰·谢尔顿/梅根·伦纳德/格辛·安东尼/威廉·德莫奥/德布·G·格德勒/泰勒·乔恩·奥尔森/谢伊·巴克纳/玛吉·阿维拉/克里斯汀·岱伊,动作/惊悚, 美国,2017-07-21(美国),97分钟,5.2
六天 6 Days,托亚·弗莱瑟,格伦·斯坦德灵,杰米·贝尔/马克·斯特朗/艾比·考尼什/马丁·肖/本·特纳/埃蒙·埃利奥特/艾蒙·汉道奇/安得烈·格兰杰/特克赫·图哈卡/威廉·丘布/罗南·维博特/蒂姆·唐尼/马修·桑德兰/肯尼斯·克拉德/尼古拉斯·博尔顿/基普·查普曼/埃里克·科尔文/约翰·亨肖/科林·莫伊/蒂姆·皮戈特-史密斯/罗伯特·波特尔/杰·萨瑟兰/贾里德·特纳,剧情/动作/惊悚/历史, 英国 / 新西兰,2017-08-04(新西兰电影节)/2017-09-07(新西兰),94分钟,6.4
猎杀星期一 What Happened to Monday?,托米·维尔科拉,麦克斯·博特金/凯丽·威廉逊,劳米·拉佩斯/格伦·克洛斯/威廉·达福/马尔万·肯扎里/克里斯蒂安·鲁贝克/帕尔·斯维尔·哈根/托米瓦·埃敦/凯西·克莱尔/卡梅伦·杰克/柯尔斯蒂·阿弗顿/维加·霍尔/马达林·德拉甘/斯蒂格·弗洛德·亨里克森/亚历山大·阮/拉腊·德坎罗/玛丽·埃弗雷特/桑地亚哥·卡布瑞拉,科幻/惊悚, 英国 / 美国 / 法国 / 比利时,2017-08-06(洛迦诺电影节)/2017-08-18(英国),123分钟,6.7
裸婚大喜 Naked,迈克尔·泰兹,里克·阿尔瓦雷斯/科里·科勒/马龙·韦恩斯/马丁·纳森/托克尔·纳森,马龙·韦恩斯/雷吉娜·赫尔/丹尼斯·海斯伯特/J·T·杰克逊/斯考特·佛雷/伊丽莎·库伯/布莱恩·麦肯奈特/洛雷塔·迪瓦恩/科里·哈德里克/里克·菲茨/戴夫·谢里登/小尼尔·布朗/妮科娃·斯特普尔顿/大卫·德怀尔/康纳·布罗菲/贾罗德·瓦尔沃/杰森·戴维斯/乔尔·拉什/朱万达斯·坎迪斯,喜剧/爱情/奇幻, 美国,2017-08-11(美国),96分钟,5.5
蝙蝠侠与哈莉·奎恩 Batman and Harley Quinn,刘山姆,布鲁斯·提姆/ 詹姆斯·克莉格,凯文·康瑞/梅丽莎·劳奇/帕姬·布鲁斯特/罗伦·莱斯特/凯文·迈克尔·理查德森/艾瑞克·鲍扎/特雷弗·德瓦/约翰·迪·玛吉欧/罗宾·阿特金·唐斯/罗伯·鲍森/明迪·斯特林/布鲁斯·提姆,喜剧/动作/动画/冒险, 美国,2017-07-21(圣地亚哥首映)/2017-08-15(美国网络),74分钟,6.2
王牌保镖 The Hitman's Bodyguard,帕特里克·休斯,汤姆·奥康纳,瑞恩·雷诺兹/塞缪尔·杰克逊/加里·奥德曼/萨尔玛·海耶克/艾洛蒂·袁/乔昆姆·德·阿尔梅达/克里斯蒂·米切尔/约瑟芬·德·拉·波美/山姆·哈兹尔丁/巴里·阿茨玛/艾比·侯斯/米哈伊尔·戈尔沃伊,喜剧/动作/犯罪, 美国 / 香港 / 保加利亚 / 荷兰,2017-09-22(中国大陆)/2017-08-18(美国),118分钟,7.1
星河战队：火星叛国者 Starship Troopers: Traitor of Mars,荒牧伸志/松本松子,爱德华·诺麦尔,卡斯帕·凡·迪恩/迪娜·迈耶/德雷·戴维斯/露西·克里斯蒂安,动作/科幻/动画, 美国,2017-08-21(美国),100分钟,5.8
死亡笔记 Death Note,亚当·温加德,查理·帕拉伯尼得斯/维拉斯·帕拉伯尼得斯/杰瑞米·斯莱特/大场鸫/小畑健,纳特·沃尔夫/勒凯斯·斯坦菲尔德/玛格丽特·库里/谢伊·惠格姆/威廉·达福/杰森·莱尔斯/保罗·纳高奇/杰克·埃特林格/马修·凯文·安德森/克里斯·布里顿/科维西·阿梅扬/贾斯汀·斯通/克里斯蒂安·斯隆/阿汀·约翰/大卫·S·郑/杰西卡·麦丽奥德/保罗·麦克吉莱恩,剧情/悬疑/惊悚/犯罪/奇幻, 美国,2017-08-25(美国网络),101分钟,4.0
闹鬼校园 ホーンテッド・キャンパス,竹本聡志,栉木理宇/徳尾浩司,中山优马/岛崎遥香/大野拓朗/高桥玛莉润/安井谦太郎/大和田伸也,惊悚/恐怖, 日本,2016-07-02(日本),93分钟,5.1
索命APP Recovery,Darrell Wheat,,蕾切尔·迪皮罗/可比·毕丝·布兰顿/塞缪尔·拉森/雅姆·朗德里·埃贝尔/亚历克斯·沙弗尔/Kristen Hagen/Karri Davis,惊悚/恐怖, 美国,2016-10-28(美国),82分钟,4.3
特殊嫌疑犯,余庆,余庆,孙雪岩/万希/麻郡宜/周广真/周雪珍,剧情/悬疑/犯罪, 中国大陆,2016-10-16(中国大陆),71分钟,6.2
忽然七日 Before I Fall,莱·拉索-扬,玛丽娅·玛根蒂/劳伦·奥利弗,佐伊·达奇/豪斯顿·塞奇/洛根·米勒/凯恩·罗利/埃莱娜·康博里斯/吴辛惠/米达宁·拉希米/埃丽卡·特伦布莱/丽芙·休森/尼古拉斯·李/切尔西·蔻儿·吉尔/罗恩·柯蒂斯/克莱尔·玛格丽特·克里特/凯拉·孔多/阿丽尔·图里奥,剧情/悬疑, 美国,2017-01-21(圣丹斯电影节)/2017-03-03(美国),99分钟,6.4
秘密 秘密 THE TOP SECRET,大友启史,清水玲子/高桥泉/大友启史,生田斗真/冈田将生/吉川晃司/松坂桃李/栗山千明/织田梨沙/椎名桔平/大森南朋/中川雅也/平山祐介/木南晴夏/大仓孝二,科幻/悬疑/惊悚, 日本,2016-08-06(日本),149分钟,5.3
莫斯科陷落 Притяжение,费奥多尔·邦达尔丘克,奥列格·马洛维奇克/安德烈·佐洛塔廖夫,伊琳娜·斯达森保姆/亚历山大·佩特罗夫/林奈·穆罕默托夫/欧列格·缅希科夫/谢尔盖·加尔马什/尼基塔·库库什金/柳德米拉·马克萨科娃/尼基塔·塔拉索夫,剧情/爱情/科幻, 俄罗斯,2017-01-26(俄罗斯),130分钟,5.0
堕落天使 Fallen,斯科特·希克斯,Lauren Kate/尼蔻·米勒德/凯瑟琳·皮尔斯,罗拉·科克/艾狄森·蒂姆林/乔莉·理查德森/杰瑞米·艾文/马拉基·卡比/赫敏·科菲尔德/朱丽叶特·奥布瑞/肖奥纳·斯米特-麦克费/黛茜·海德/哈里森·吉尔伯特森,爱情/奇幻, 美国 / 匈牙利,2017-05(中国大陆)/2016-12-02(台湾)/2016-12-29(香港),91分钟,3.9
美女与野兽 Beauty and the Beast,比尔·康顿,斯蒂芬·切波斯基/埃文·斯彼里奥托普洛斯/琳达·伍尔芙顿/珍妮-玛丽·勒普兰斯·德博蒙,艾玛·沃森/丹·史蒂文斯/卢克·伊万斯/凯文·克莱恩/乔什·加德/伊万·麦克格雷格/伊恩·麦克莱恩/艾玛·汤普森/斯坦利·图齐/古古·姆巴塔-劳/奥德拉·麦克唐纳/内森·麦克/哈蒂·莫拉汉/迈克尔·吉普森/水野索诺娅/亨利·加勒特/戴尔·布兰斯顿,爱情/歌舞/奇幻, 美国,2017-03-17(中国大陆/美国),129分钟,7.2
健忘村,陈玉勋,陈玉勋/张耀升,舒淇/王千源/张孝全/曾志伟/杨祐宁/张少怀/许杰辉/林美秀/顾宝明/陈竹昇/柯宇纶/黄健玮,剧情/喜剧/奇幻/古装, 中国大陆 / 台湾,2017-01-28(中国大陆),116分钟,6.7
爸爸是女儿 아빠는 딸,金惠荣,崔允美/金娜里/乔晟佑/金吉森,尹宰文/郑素敏/申久/李日花/李美度/沈亨倬/姜其永/许嘉允/敏度希/朴明秀,剧情/喜剧/奇幻, 韩国,2017-04-12(韩国),115分钟,6.7
斯特拉顿 Stratton,西蒙·韦斯特,邓肯·福尔科纳/沃伦·戴维斯,康妮·尼尔森/汤姆·费尔顿/多米尼克·库珀/嘉玛·陈/泰勒·霍奇林/德里克·雅各比/奥斯汀·斯托维尔/托马斯·克莱舒曼/艾格尔·纳尔/李·尼古拉斯·哈里斯/奥莱加·费多罗/杰克·费尔布罗勒/尼科·托福利/穆罕默德·阿里/理查德·班克斯,动作/惊悚, 英国,2017-04-01(法国)/2017-09-01(英国),94分钟,5.4
反恐特警组：潜龙突围 S.W.A.T.: Under Siege,托尼·基格里奥,Jonas Barnes/Keith Domingue,山姆·贾格/阿德琳妮·帕里奇/迈克尔·加·怀特/帕斯卡尔·休顿/泰·奥尔森/莫妮卡·甘德顿/凯拉·扎戈尔斯基/郑启蕙/马修·马斯登/麦克·多普德/玛茜·T·豪斯/扎夫·帕鲁,动作, 美国,2017-08-01(美国),89分钟,4.6
父亲与伊藤先生 お父さんと伊藤さん,棚田由纪,黑泽久子/中泽日菜子,上野树里/中川雅也/藤龙也/长谷川朝晴/安藤圣/渡边绘里,剧情/喜剧, 日本,2016-10-08(日本),119分钟,7.7
本能寺酒店 本能寺ホテル,铃木雅之,相泽友子,绫濑遥/堤真一/滨田岳/平山浩行/田口浩正/高岛政宏/近藤正臣/风间杜夫/八岛智人/平岩纸/宇梶刚士/飯尾和樹/加藤谅,喜剧, 日本,2017-01-14(日本),119分钟,6.2
无限商社2016：危机的公司职员 2016무한상사위기의회사원,张恒俊,金恩熙,刘在锡/郑俊河/河东勋/朴明秀/黄光熙/权志龙/国村隼/郑亨敦/李帝勋/金惠秀,剧情, 韩国,2016-09-15(韩国),87分钟,7.2
单身骑士 싱글라이더,李祖英,李祖英,李秉宪/孔晓振/安昭熙/本尼迪克·哈迪/杰克·坎贝尔/凯茨·托马斯,剧情, 韩国,2017-02-22(韩国),97分钟,6.8
沙堡 Sand Castle,费尔南多·科英布拉,克里斯·罗斯纳,亨利·卡维尔/汤米·弗拉纳根/尼古拉斯·霍尔特/罗根·马歇尔-格林/格伦·鲍威尔/博·纳普/小尼尔·布朗/萨姆·斯普卢尔 /纳维德·内加班/帕克·索耶/冈萨洛·门内德斯/萨米·谢伊克/纳比勒·埃卢比/齐亚德·阿巴扎/索佩·迪瑞苏/尼古拉斯·雅各布/奥赛·伊克希尔,剧情/战争, 美国,2017-04-21(美国),113分钟,6.5
梅根·利维 Megan Leavey,加芙列拉·考珀斯维特,帕梅拉·格雷/安妮·玛莫罗/蒂姆·洛夫斯特特,凯特·玛拉/汤姆·费尔顿/布莱德利·惠特福德/杰拉丁妮·詹姆斯/科曼/埃迪·法可/威尔·帕顿/拉蒙·罗德里格兹/珊农·塔伯特/米格尔·戈麦斯/乔纳森·霍华德/乔治·韦伯斯特/克里·约翰逊/山姆·基利/凯萨琳·戴尔/迈尔斯·穆森登/玛丽娜·马修斯/帕克·索耶,剧情/传记/战争, 美国,2017-05-07(蒙特克莱电影节)/2017-06-09(美国),116分钟,7.1
生死之墙 The Wall,道格·里曼,德温·沃勒尔,亚伦·泰勒-约翰逊/约翰·塞纳/莱斯·纳克里,剧情/惊悚/战争, 美国,2017-05-12(美国),90分钟,6.9
雪花 눈발,赵杰民,赵杰民,朴珍荣/智友/辛安金/郑娜恩/姜明盖,剧情, 韩国,2017-03-01(韩国),91分钟,6.6
解冻 해빙,李受妍,李受妍,赵震雄/金大明/申久/宋永彰/李清娥,惊悚/犯罪, 韩国,2017-03-01(韩国),117分钟,6.4
非正式特工 비정규직 특수요원,金德洙,金德洙,姜艺媛/韩彩雅/南宫珉/赵在允,喜剧/动作, 韩国,2017-03-16(韩国),117分钟,5.2
普通人 보통사람,金凤汉,萨木艾,孙贤周/张赫/罗美兰/赵达焕/金相浩/孙秉浩/吴妍儿/周锡泰/朴智一/池胜铉,剧情/动作/犯罪, 韩国,2017-03-23(韩国),121分钟,6.5
叛狱无间 프리즌,罗贤,罗贤,韩石圭/金来沅/金成钧/姜信日/赵在允/申成禄,动作/犯罪, 韩国,2017-03-23(韩国),125分钟,6.5
一条龙 원라인,杨景模,杨景模,任时完/朴有焕/晋久/朴秉恩/李东辉/王智媛/金善映,剧情/犯罪, 韩国,2017-03-29(韩国),131分钟,6.6
